{"type": "FeatureCollection", "name": "Paraderos", "features": [{"type": "Feature", "properties": {"Name": "PA-163 Supermercado Turquesa Antigua", "nombre": "PA-163 Supermercado Turquesa Antigua"}, "geometry": {"type": "Point", "coordinates": [-90.4959016, 19.84909]}}, {"type": "Feature", "properties": {"Name": "PA-516 Jardin de niños circulo infantil", "nombre": "PA-516 Jardin de niños circulo infantil"}, "geometry": {"type": "Point", "coordinates": [-90.4973983, 19.8488033]}}, {"type": "Feature", "properties": {"Name": "PA-23 Gasolinera Sta Lucia", "nombre": "PA-23 Gasolinera Sta Lucia"}, "geometry": {"type": "Point", "coordinates": [-90.498722, 19.8463899]}}, {"type": "Feature", "properties": {"Name": "PA-24 IMSS Santa Lucía", "nombre": "PA-24 IMSS Santa Lucía"}, "geometry": {"type": "Point", "coordinates": [-90.500989, 19.8449809]}}, {"type": "Feature", "properties": {"Name": "PT-12 Álvaro Obregón", "nombre": "PT-12 Álvaro Obregón"}, "geometry": {"type": "Point", "coordinates": [-90.5032146, 19.843619]}}, {"type": "Feature", "properties": {"Name": "PT-13 Calle 116", "nombre": "PT-13 Calle 116"}, "geometry": {"type": "Point", "coordinates": [-90.507829, 19.842351]}}, {"type": "Feature", "properties": {"Name": "PT-14 Calle 114", "nombre": "PT-14 Calle 114"}, "geometry": {"type": "Point", "coordinates": [-90.51069, 19.842569]}}, {"type": "Feature", "properties": {"Name": "PT-15 Cuauhtémoc", "nombre": "PT-15 Cuauhtémoc"}, "geometry": {"type": "Point", "coordinates": [-90.516175, 19.842912]}}, {"type": "Feature", "properties": {"Name": "PT-16 Uruguay", "nombre": "PT-16 Uruguay"}, "geometry": {"type": "Point", "coordinates": [-90.521817, 19.843124]}}, {"type": "Feature", "properties": {"Name": "PT-17 Argentina", "nombre": "PT-17 Argentina"}, "geometry": {"type": "Point", "coordinates": [-90.524368, 19.84326]}}, {"type": "Feature", "properties": {"Name": "PT-18 Brasil", "nombre": "PT-18 Brasil"}, "geometry": {"type": "Point", "coordinates": [-90.527729, 19.843368]}}, {"type": "Feature", "properties": {"Name": "PT-19 Circuito Baluartes", "nombre": "PT-19 Circuito Baluartes"}, "geometry": {"type": "Point", "coordinates": [-90.531607, 19.843275]}}, {"type": "Feature", "properties": {"Name": "PT-20 Mercado", "nombre": "PT-20 Mercado"}, "geometry": {"type": "Point", "coordinates": [-90.534081, 19.842447]}}, {"type": "Feature", "properties": {"Name": "PT-21 Paso de Ronda", "nombre": "PT-21 Paso de Ronda"}, "geometry": {"type": "Point", "coordinates": [-90.537266, 19.840434]}}, {"type": "Feature", "properties": {"Name": "PT-22 Pedro Moreno", "nombre": "PT-22 Pedro Moreno"}, "geometry": {"type": "Point", "coordinates": [-90.538881, 19.838979]}}, {"type": "Feature", "properties": {"Name": "PT-23 Galena Norte", "nombre": "PT-23 Galena Norte"}, "geometry": {"type": "Point", "coordinates": [-90.54104, 19.836959]}}, {"type": "Feature", "properties": {"Name": "PT-24 Allende Norte", "nombre": "PT-24 Allende Norte"}, "geometry": {"type": "Point", "coordinates": [-90.543221, 19.835742]}}, {"type": "Feature", "properties": {"Name": "PT-25 Victoria Norte", "nombre": "PT-25 Victoria Norte"}, "geometry": {"type": "Point", "coordinates": [-90.545157, 19.834664]}}, {"type": "Feature", "properties": {"Name": "PT-26 Justo Sierra", "nombre": "PT-26 Justo Sierra"}, "geometry": {"type": "Point", "coordinates": [-90.547505, 19.833362]}}, {"type": "Feature", "properties": {"Name": "PT-27 Manguitos Norte", "nombre": "PT-27 Manguitos Norte"}, "geometry": {"type": "Point", "coordinates": [-90.549553, 19.832597]}}, {"type": "Feature", "properties": {"Name": "PT-28 Lazareto Norte", "nombre": "PT-28 Lazareto Norte"}, "geometry": {"type": "Point", "coordinates": [-90.553905, 19.832085]}}, {"type": "Feature", "properties": {"Name": "PT-29 Universidad Norte", "nombre": "PT-29 Universidad Norte"}, "geometry": {"type": "Point", "coordinates": [-90.5554212, 19.8294286]}}, {"type": "Feature", "properties": {"Name": "PA-428 Fac Ciencias social", "nombre": "PA-428 Fac Ciencias social"}, "geometry": {"type": "Point", "coordinates": [-90.556305, 19.8295879]}}, {"type": "Feature", "properties": {"Name": "PA-527 Cdum Uacam", "nombre": "PA-527 Cdum Uacam"}, "geometry": {"type": "Point", "coordinates": [-90.5587181, 19.8304261]}}, {"type": "Feature", "properties": {"Name": "PT-30 Juan Escutia", "nombre": "PT-30 Juan Escutia"}, "geometry": {"type": "Point", "coordinates": [-90.559664, 19.829889]}}, {"type": "Feature", "properties": {"Name": "PT-31 Fovi", "nombre": "PT-31 Fovi"}, "geometry": {"type": "Point", "coordinates": [-90.561883, 19.828642]}}, {"type": "Feature", "properties": {"Name": "PT-32 ISSSTE", "nombre": "PT-32 ISSSTE"}, "geometry": {"type": "Point", "coordinates": [-90.563819, 19.826034]}}, {"type": "Feature", "properties": {"Name": "PT-33 Cendi Fovi", "nombre": "PT-33 Cendi Fovi"}, "geometry": {"type": "Point", "coordinates": [-90.5623497, 19.8262078]}}, {"type": "Feature", "properties": {"Name": "PT-34 Prevo", "nombre": "PT-34 Prevo"}, "geometry": {"type": "Point", "coordinates": [-90.55987, 19.827619]}}, {"type": "Feature", "properties": {"Name": "PT-35 Facultad de Humanidades", "nombre": "PT-35 Facultad de Humanidades"}, "geometry": {"type": "Point", "coordinates": [-90.557408, 19.829035]}}, {"type": "Feature", "properties": {"Name": "PT-36 Universidad Sur", "nombre": "PT-36 Universidad Sur"}, "geometry": {"type": "Point", "coordinates": [-90.555204, 19.82934]}}, {"type": "Feature", "properties": {"Name": "PT-37 Lazareto Sur", "nombre": "PT-37 Lazareto Sur"}, "geometry": {"type": "Point", "coordinates": [-90.553712, 19.831998]}}, {"type": "Feature", "properties": {"Name": "PT-38 Manguitos Sur", "nombre": "PT-38 Manguitos Sur"}, "geometry": {"type": "Point", "coordinates": [-90.549011, 19.832602]}}, {"type": "Feature", "properties": {"Name": "PT-39 Abasolo", "nombre": "PT-39 Abasolo"}, "geometry": {"type": "Point", "coordinates": [-90.546983, 19.833459]}}, {"type": "Feature", "properties": {"Name": "PT-40 Victoria Sur", "nombre": "PT-40 Victoria Sur"}, "geometry": {"type": "Point", "coordinates": [-90.544917, 19.834627]}}, {"type": "Feature", "properties": {"Name": "PT-41 Allende Sur", "nombre": "PT-41 Allende Sur"}, "geometry": {"type": "Point", "coordinates": [-90.543116, 19.835618]}}, {"type": "Feature", "properties": {"Name": "PT-42 Galeana Sur", "nombre": "PT-42 Galeana Sur"}, "geometry": {"type": "Point", "coordinates": [-90.540312, 19.83717]}}, {"type": "Feature", "properties": {"Name": "PT-43 IMSS Centro", "nombre": "PT-43 IMSS Centro"}, "geometry": {"type": "Point", "coordinates": [-90.537332, 19.840041]}}, {"type": "Feature", "properties": {"Name": "PA-541 Boleros Mercado", "nombre": "PA-541 Boleros Mercado"}, "geometry": {"type": "Point", "coordinates": [-90.5327438, 19.8426546]}}, {"type": "Feature", "properties": {"Name": "PT-02 Chihuahua", "nombre": "PT-02 Chihuahua"}, "geometry": {"type": "Point", "coordinates": [-90.530806, 19.843134]}}, {"type": "Feature", "properties": {"Name": "PT-03 Terminal Segunda Sur", "nombre": "PT-03 Terminal Segunda Sur"}, "geometry": {"type": "Point", "coordinates": [-90.527426, 19.843159]}}, {"type": "Feature", "properties": {"Name": "PT-04 Venezuela", "nombre": "PT-04 Venezuela"}, "geometry": {"type": "Point", "coordinates": [-90.524029, 19.843017]}}, {"type": "Feature", "properties": {"Name": "PT-05 Ecuador", "nombre": "PT-05 Ecuador"}, "geometry": {"type": "Point", "coordinates": [-90.521759, 19.842931]}}, {"type": "Feature", "properties": {"Name": "PT-06 Ejército Mexicano", "nombre": "PT-06 Ejército Mexicano"}, "geometry": {"type": "Point", "coordinates": [-90.518059, 19.842793]}}, {"type": "Feature", "properties": {"Name": "PT-07 Héroe de Nacozari", "nombre": "PT-07 Héroe de Nacozari"}, "geometry": {"type": "Point", "coordinates": [-90.51615, 19.8427]}}, {"type": "Feature", "properties": {"Name": "PT-08 Hidalgo", "nombre": "PT-08 Hidalgo"}, "geometry": {"type": "Point", "coordinates": [-90.512033, 19.842438]}}, {"type": "Feature", "properties": {"Name": "PT-09 Calle 105-A", "nombre": "PT-09 Calle 105-A"}, "geometry": {"type": "Point", "coordinates": [-90.508463, 19.842192]}}, {"type": "Feature", "properties": {"Name": "PT-10 La Huayita", "nombre": "PT-10 La Huayita"}, "geometry": {"type": "Point", "coordinates": [-90.506114, 19.842031]}}, {"type": "Feature", "properties": {"Name": "PT-11 Pablo García", "nombre": "PT-11 Pablo García"}, "geometry": {"type": "Point", "coordinates": [-90.503114, 19.843452]}}, {"type": "Feature", "properties": {"Name": "PA-2 San Julián", "nombre": "PA-2 San Julián"}, "geometry": {"type": "Point", "coordinates": [-90.49885, 19.8462866]}}, {"type": "Feature", "properties": {"Name": "PA-1 Glorieta Pablo García Sur", "nombre": "PA-1 Glorieta Pablo García Sur"}, "geometry": {"type": "Point", "coordinates": [-90.502728, 19.8437158]}}, {"type": "Feature", "properties": {"Name": "PA-3 Supermercado Turquesa sur", "nombre": "PA-3 Supermercado Turquesa sur"}, "geometry": {"type": "Point", "coordinates": [-90.4940566, 19.8479833]}}, {"type": "Feature", "properties": {"Name": "PA-4 Aurrera Kalá norte", "nombre": "PA-4 Aurrera Kalá norte"}, "geometry": {"type": "Point", "coordinates": [-90.4905566, 19.8504483]}}, {"type": "Feature", "properties": {"Name": "PA-5 Ocosingo", "nombre": "PA-5 Ocosingo"}, "geometry": {"type": "Point", "coordinates": [-90.4894613, 19.848053]}}, {"type": "Feature", "properties": {"Name": "PA-6 Espinola con Campechen norte", "nombre": "PA-6 Espinola con Campechen norte"}, "geometry": {"type": "Point", "coordinates": [-90.4868083, 19.8455966]}}, {"type": "Feature", "properties": {"Name": "PA-25 Gilberto", "nombre": "PA-25 Gilberto"}, "geometry": {"type": "Point", "coordinates": [-90.4849264, 19.8476207]}}, {"type": "Feature", "properties": {"Name": "PA-26 Campechen con Yacasay", "nombre": "PA-26 Campechen con Yacasay"}, "geometry": {"type": "Point", "coordinates": [-90.4831486, 19.8498142]}}, {"type": "Feature", "properties": {"Name": "PA-27 Abarrotes Kikab Sur", "nombre": "PA-27 Abarrotes Kikab Sur"}, "geometry": {"type": "Point", "coordinates": [-90.4819866, 19.8511933]}}, {"type": "Feature", "properties": {"Name": "PA-28 Fac Quimica norte", "nombre": "PA-28 Fac Quimica norte"}, "geometry": {"type": "Point", "coordinates": [-90.47468, 19.8488783]}}, {"type": "Feature", "properties": {"Name": "PA-29 Fac Ingenieria norte", "nombre": "PA-29 Fac Ingenieria norte"}, "geometry": {"type": "Point", "coordinates": [-90.4774916, 19.8447616]}}, {"type": "Feature", "properties": {"Name": "PA-30 Décima primera norte", "nombre": "PA-30 Décima primera norte"}, "geometry": {"type": "Point", "coordinates": [-90.4796783, 19.8412833]}}, {"type": "Feature", "properties": {"Name": "PA-31 Glorieta Exhacienda norte", "nombre": "PA-31 Glorieta Exhacienda norte"}, "geometry": {"type": "Point", "coordinates": [-90.4813216, 19.8386816]}}, {"type": "Feature", "properties": {"Name": "PA-32 Paralimpico norte", "nombre": "PA-32 Paralimpico norte"}, "geometry": {"type": "Point", "coordinates": [-90.4808466, 19.8374716]}}, {"type": "Feature", "properties": {"Name": "PA-33 Calle vigésima norte", "nombre": "PA-33 Calle vigésima norte"}, "geometry": {"type": "Point", "coordinates": [-90.4826616, 19.8351833]}}, {"type": "Feature", "properties": {"Name": "PA-34 Trigésima tercera", "nombre": "PA-34 Trigésima tercera"}, "geometry": {"type": "Point", "coordinates": [-90.4817691, 19.8384191]}}, {"type": "Feature", "properties": {"Name": "PA-35 Espinola por calle 8", "nombre": "PA-35 Espinola por calle 8"}, "geometry": {"type": "Point", "coordinates": [-90.4819883, 19.8408566]}}, {"type": "Feature", "properties": {"Name": "PA-36 willys espinola sur", "nombre": "PA-36 willys espinola sur"}, "geometry": {"type": "Point", "coordinates": [-90.4832033, 19.8431283]}}, {"type": "Feature", "properties": {"Name": "PA-37 Espinola con Campechen sur", "nombre": "PA-37 Espinola con Campechen sur"}, "geometry": {"type": "Point", "coordinates": [-90.486845, 19.8457916]}}, {"type": "Feature", "properties": {"Name": "PA-20 Parque de las Banderas", "nombre": "PA-20 Parque de las Banderas"}, "geometry": {"type": "Point", "coordinates": [-90.4894538, 19.8485164]}}, {"type": "Feature", "properties": {"Name": "PA-21 Supermercado Kalá norte", "nombre": "PA-21 Supermercado Kalá norte"}, "geometry": {"type": "Point", "coordinates": [-90.4908133, 19.8510533]}}, {"type": "Feature", "properties": {"Name": "PA-22 Supermercado Turquesa norte", "nombre": "PA-22 Supermercado Turquesa norte"}, "geometry": {"type": "Point", "coordinates": [-90.4940483, 19.84813]}}, {"type": "Feature", "properties": {"Name": "PA-80 Monte de Piedad Alvaro Obregón", "nombre": "PA-80 Monte de Piedad Alvaro Obregón"}, "geometry": {"type": "Point", "coordinates": [-90.5026726, 19.8440082]}}, {"type": "Feature", "properties": {"Name": "PA-7 willys espinola norte", "nombre": "PA-7 willys espinola norte"}, "geometry": {"type": "Point", "coordinates": [-90.4829866, 19.8427883]}}, {"type": "Feature", "properties": {"Name": "PA-8 Espinola con calle 10", "nombre": "PA-8 Espinola con calle 10"}, "geometry": {"type": "Point", "coordinates": [-90.482325, 19.8406166]}}, {"type": "Feature", "properties": {"Name": "PA-9 Espinola con trigésima séptima", "nombre": "PA-9 Espinola con trigésima séptima"}, "geometry": {"type": "Point", "coordinates": [-90.4823466, 19.8387883]}}, {"type": "Feature", "properties": {"Name": "PA-10 Vigésima sur", "nombre": "PA-10 Vigésima sur"}, "geometry": {"type": "Point", "coordinates": [-90.4830966, 19.8353216]}}, {"type": "Feature", "properties": {"Name": "PA-11 Paralímpico sur", "nombre": "PA-11 Paralímpico sur"}, "geometry": {"type": "Point", "coordinates": [-90.4806383, 19.8376266]}}, {"type": "Feature", "properties": {"Name": "PA-12 Glorieta exhacienda sur", "nombre": "PA-12 Glorieta exhacienda sur"}, "geometry": {"type": "Point", "coordinates": [-90.4811033, 19.8386116]}}, {"type": "Feature", "properties": {"Name": "PA-13 Décima primera sur", "nombre": "PA-13 Décima primera sur"}, "geometry": {"type": "Point", "coordinates": [-90.4796666, 19.8409083]}}, {"type": "Feature", "properties": {"Name": "PA-14 Fac Ingenieria sur", "nombre": "PA-14 Fac Ingenieria sur"}, "geometry": {"type": "Point", "coordinates": [-90.4771383, 19.8448933]}}, {"type": "Feature", "properties": {"Name": "PA-15 Fac Quimica sur", "nombre": "PA-15 Fac Quimica sur"}, "geometry": {"type": "Point", "coordinates": [-90.4744966, 19.8490283]}}, {"type": "Feature", "properties": {"Name": "PA-16 Abarrotes Kikab norte", "nombre": "PA-16 Abarrotes Kikab norte"}, "geometry": {"type": "Point", "coordinates": [-90.4820266, 19.8512816]}}, {"type": "Feature", "properties": {"Name": "PA-17 Xmabén", "nombre": "PA-17 Xmabén"}, "geometry": {"type": "Point", "coordinates": [-90.4833468, 19.8496548]}}, {"type": "Feature", "properties": {"Name": "PA-18 Chuc-say norte", "nombre": "PA-18 Chuc-say norte"}, "geometry": {"type": "Point", "coordinates": [-90.4845316, 19.8482416]}}, {"type": "Feature", "properties": {"Name": "PA-165 Camarón", "nombre": "PA-165 Camarón"}, "geometry": {"type": "Point", "coordinates": [-90.493731, 19.8513336]}}, {"type": "Feature", "properties": {"Name": "PA-166 Terranova norte", "nombre": "PA-166 Terranova norte"}, "geometry": {"type": "Point", "coordinates": [-90.49126, 19.8526368]}}, {"type": "Feature", "properties": {"Name": "PA-168 Dragones norte", "nombre": "PA-168 Dragones norte"}, "geometry": {"type": "Point", "coordinates": [-90.4875833, 19.8539233]}}, {"type": "Feature", "properties": {"Name": "PA-170 Parque San Antonio norte", "nombre": "PA-170 Parque San Antonio norte"}, "geometry": {"type": "Point", "coordinates": [-90.4853533, 19.8534266]}}, {"type": "Feature", "properties": {"Name": "PA-171 Calle 1", "nombre": "PA-171 Calle 1"}, "geometry": {"type": "Point", "coordinates": [-90.4818466, 19.8526483]}}, {"type": "Feature", "properties": {"Name": "PA-173 Parque los Cedros norte", "nombre": "PA-173 Parque los Cedros norte"}, "geometry": {"type": "Point", "coordinates": [-90.4803433, 19.85562]}}, {"type": "Feature", "properties": {"Name": "PA-176 Los Alamos norte", "nombre": "PA-176 Los Alamos norte"}, "geometry": {"type": "Point", "coordinates": [-90.4794183, 19.857985]}}, {"type": "Feature", "properties": {"Name": "PA-178 Av. Porfirio Diaz norte", "nombre": "PA-178 Av. Porfirio Diaz norte"}, "geometry": {"type": "Point", "coordinates": [-90.4796983, 19.8602116]}}, {"type": "Feature", "properties": {"Name": "PA-180 Primaria Fidencio Poot Chablé", "nombre": "PA-180 Primaria Fidencio Poot Chablé"}, "geometry": {"type": "Point", "coordinates": [-90.4836166, 19.8610183]}}, {"type": "Feature", "properties": {"Name": "PA-182 Av. Guadalupe Victoria", "nombre": "PA-182 Av. Guadalupe Victoria"}, "geometry": {"type": "Point", "coordinates": [-90.4848783, 19.8599583]}}, {"type": "Feature", "properties": {"Name": "PA-526 Lazaro Cárdenas Por Gral Rómulo Díaz De La Vega", "nombre": "PA-526 Lazaro Cárdenas Por Gral Rómulo Díaz De La Vega"}, "geometry": {"type": "Point", "coordinates": [-90.4908236, 19.8636091]}}, {"type": "Feature", "properties": {"Name": "PA-183 Glorieta de las Bombas sur", "nombre": "PA-183 Glorieta de las Bombas sur"}, "geometry": {"type": "Point", "coordinates": [-90.4885683, 19.8605083]}}, {"type": "Feature", "properties": {"Name": "PA-355 Parque Presidentes de México", "nombre": "PA-355 Parque Presidentes de México"}, "geometry": {"type": "Point", "coordinates": [-90.4897883, 19.8576833]}}, {"type": "Feature", "properties": {"Name": "PA-356 Av. Jaina con Pedregal", "nombre": "PA-356 Av. Jaina con Pedregal"}, "geometry": {"type": "Point", "coordinates": [-90.4930836, 19.8558899]}}, {"type": "Feature", "properties": {"Name": "PA-357 Av. Jaina con Balanku", "nombre": "PA-357 Av. Jaina con Balanku"}, "geometry": {"type": "Point", "coordinates": [-90.4936216, 19.8537883]}}, {"type": "Feature", "properties": {"Name": "PA-358 Llantamaya Jaina", "nombre": "PA-358 Llantamaya Jaina"}, "geometry": {"type": "Point", "coordinates": [-90.494343, 19.8513111]}}, {"type": "Feature", "properties": {"Name": "PA-246 Av. Jaina con Calle Calakmul", "nombre": "PA-246 Av. Jaina con Calle Calakmul"}, "geometry": {"type": "Point", "coordinates": [-90.4940783, 19.851755]}}, {"type": "Feature", "properties": {"Name": "PA-511 Jaina con Chichén Itzá", "nombre": "PA-511 Jaina con Chichén Itzá"}, "geometry": {"type": "Point", "coordinates": [-90.4935942, 19.8535664]}}, {"type": "Feature", "properties": {"Name": "PA-512 Jaina con Benito Juárez", "nombre": "PA-512 Jaina con Benito Juárez"}, "geometry": {"type": "Point", "coordinates": [-90.4928616, 19.8561466]}}, {"type": "Feature", "properties": {"Name": "PA-513 Parque Luis Aragón", "nombre": "PA-513 Parque Luis Aragón"}, "geometry": {"type": "Point", "coordinates": [-90.4893616, 19.857595]}}, {"type": "Feature", "properties": {"Name": "PA-436 Benito Juárez con Lázaro Cárdenas norte", "nombre": "PA-436 Benito Juárez con Lázaro Cárdenas norte"}, "geometry": {"type": "Point", "coordinates": [-90.4882966, 19.86047]}}, {"type": "Feature", "properties": {"Name": "PA-525 Lázaro Cárdenas Por Gral Martin Carrera", "nombre": "PA-525 Lázaro Cárdenas Por Gral Martin Carrera"}, "geometry": {"type": "Point", "coordinates": [-90.4903703, 19.8630789]}}, {"type": "Feature", "properties": {"Name": "PA-535 General Lombardi", "nombre": "PA-535 General Lombardi"}, "geometry": {"type": "Point", "coordinates": [-90.4888356, 19.8632986]}}, {"type": "Feature", "properties": {"Name": "PA-514 Fco I. Madero con Benito Juárez", "nombre": "PA-514 Fco I. Madero con Benito Juárez"}, "geometry": {"type": "Point", "coordinates": [-90.4863453, 19.8627406]}}, {"type": "Feature", "properties": {"Name": "PA-181 Primaria Fidencio Poot Chablé sur", "nombre": "PA-181 Primaria Fidencio Poot Chablé sur"}, "geometry": {"type": "Point", "coordinates": [-90.4831416, 19.8607766]}}, {"type": "Feature", "properties": {"Name": "PA-179 Av. Porfirio Díaz sur", "nombre": "PA-179 Av. Porfirio Díaz sur"}, "geometry": {"type": "Point", "coordinates": [-90.4795116, 19.860005]}}, {"type": "Feature", "properties": {"Name": "PA-177 Los Alamos sur", "nombre": "PA-177 Los Alamos sur"}, "geometry": {"type": "Point", "coordinates": [-90.4792983, 19.8584216]}}, {"type": "Feature", "properties": {"Name": "PA-174 Mango", "nombre": "PA-174 Mango"}, "geometry": {"type": "Point", "coordinates": [-90.48066, 19.8549916]}}, {"type": "Feature", "properties": {"Name": "PA-172 Calle ah kim pech - C 1", "nombre": "PA-172 Calle ah kim pech - C 1"}, "geometry": {"type": "Point", "coordinates": [-90.4815429, 19.8527047]}}, {"type": "Feature", "properties": {"Name": "PA-515 Parque San Antonio sur", "nombre": "PA-515 Parque San Antonio sur"}, "geometry": {"type": "Point", "coordinates": [-90.4854666, 19.8535133]}}, {"type": "Feature", "properties": {"Name": "PA-169 Dragones sur", "nombre": "PA-169 Dragones sur"}, "geometry": {"type": "Point", "coordinates": [-90.4878883, 19.8540716]}}, {"type": "Feature", "properties": {"Name": "PA-167 Antigua Kalá", "nombre": "PA-167 Antigua Kalá"}, "geometry": {"type": "Point", "coordinates": [-90.490595, 19.85311]}}, {"type": "Feature", "properties": {"Name": "PA-164 Kalá-Jaina", "nombre": "PA-164 Kalá-Jaina"}, "geometry": {"type": "Point", "coordinates": [-90.4941216, 19.8512416]}}, {"type": "Feature", "properties": {"Name": "PT-01 Alameda", "nombre": "PT-01 Alameda"}, "geometry": {"type": "Point", "coordinates": [-90.534564, 19.841517]}}, {"type": "Feature", "properties": {"Name": "PA-202 Calle 49", "nombre": "PA-202 Calle 49"}, "geometry": {"type": "Point", "coordinates": [-90.5306903, 19.8446404]}}, {"type": "Feature", "properties": {"Name": "PA-203 Esquina del Águila", "nombre": "PA-203 Esquina del Águila"}, "geometry": {"type": "Point", "coordinates": [-90.5272222, 19.8455555]}}, {"type": "Feature", "properties": {"Name": "PA-204 Esquina del Combate", "nombre": "PA-204 Esquina del Combate"}, "geometry": {"type": "Point", "coordinates": [-90.523633, 19.845942]}}, {"type": "Feature", "properties": {"Name": "PA-205 Esquina de Repollo", "nombre": "PA-205 Esquina de Repollo"}, "geometry": {"type": "Point", "coordinates": [-90.521479, 19.8461756]}}, {"type": "Feature", "properties": {"Name": "PA-206 Supermercado por 16", "nombre": "PA-206 Supermercado por 16"}, "geometry": {"type": "Point", "coordinates": [-90.5185816, 19.8463366]}}, {"type": "Feature", "properties": {"Name": "PA-48 Parque Alvaro Obregón norte", "nombre": "PA-48 Parque Alvaro Obregón norte"}, "geometry": {"type": "Point", "coordinates": [-90.5159833, 19.8467583]}}, {"type": "Feature", "properties": {"Name": "PA-191 Iglesia de Sta Lucía", "nombre": "PA-191 Iglesia de Sta Lucía"}, "geometry": {"type": "Point", "coordinates": [-90.5145282, 19.847936]}}, {"type": "Feature", "properties": {"Name": "PA-194 El Molino", "nombre": "PA-194 El Molino"}, "geometry": {"type": "Point", "coordinates": [-90.516085, 19.8496683]}}, {"type": "Feature", "properties": {"Name": "PA-337 Totilleria Corazón", "nombre": "PA-337 Totilleria Corazón"}, "geometry": {"type": "Point", "coordinates": [-90.5151466, 19.8539283]}}, {"type": "Feature", "properties": {"Name": "PA-338 Parque Morazán", "nombre": "PA-338 Parque Morazán"}, "geometry": {"type": "Point", "coordinates": [-90.5140516, 19.8567016]}}, {"type": "Feature", "properties": {"Name": "PA-285 Fuerte San José", "nombre": "PA-285 Fuerte San José"}, "geometry": {"type": "Point", "coordinates": [-90.5110316, 19.8599483]}}, {"type": "Feature", "properties": {"Name": "PA-522 Cancha San José el Alto norte", "nombre": "PA-522 Cancha San José el Alto norte"}, "geometry": {"type": "Point", "coordinates": [-90.51018, 19.8590943]}}, {"type": "Feature", "properties": {"Name": "PA-521 calle 104 por Benito Juárez sur", "nombre": "PA-521 calle 104 por Benito Juárez sur"}, "geometry": {"type": "Point", "coordinates": [-90.5121033, 19.8573466]}}, {"type": "Feature", "properties": {"Name": "PA-443 Parque Bellavista sur", "nombre": "PA-443 Parque Bellavista sur"}, "geometry": {"type": "Point", "coordinates": [-90.5126266, 19.85562]}}, {"type": "Feature", "properties": {"Name": "PA-463 Septimio sur", "nombre": "PA-463 Septimio sur"}, "geometry": {"type": "Point", "coordinates": [-90.507635, 19.8539833]}}, {"type": "Feature", "properties": {"Name": "PA-353 Minisuper Santa María", "nombre": "PA-353 Minisuper Santa María"}, "geometry": {"type": "Point", "coordinates": [-90.5059416, 19.8526466]}}, {"type": "Feature", "properties": {"Name": "PA-306 Calle 12 Mercadito Morelos", "nombre": "PA-306 Calle 12 Mercadito Morelos"}, "geometry": {"type": "Point", "coordinates": [-90.5039966, 19.8510083]}}, {"type": "Feature", "properties": {"Name": "PA-201 Calle 10 con 23", "nombre": "PA-201 Calle 10 con 23"}, "geometry": {"type": "Point", "coordinates": [-90.50533, 19.8483331]}}, {"type": "Feature", "properties": {"Name": "PA-200 Escuela Primaria Venustiano Carranza", "nombre": "PA-200 Escuela Primaria Venustiano Carranza"}, "geometry": {"type": "Point", "coordinates": [-90.5043833, 19.8464533]}}, {"type": "Feature", "properties": {"Name": "PA-63 Alvaro Obregón por calle 10", "nombre": "PA-63 Alvaro Obregón por calle 10"}, "geometry": {"type": "Point", "coordinates": [-90.5041683, 19.8438166]}}, {"type": "Feature", "properties": {"Name": "PA-184 Av. Aviación", "nombre": "PA-184 Av. Aviación"}, "geometry": {"type": "Point", "coordinates": [-90.5068716, 19.8427383]}}, {"type": "Feature", "properties": {"Name": "PA-308 Av. Circuito Constitución norte", "nombre": "PA-308 Av. Circuito Constitución norte"}, "geometry": {"type": "Point", "coordinates": [-90.5000883, 19.8521066]}}, {"type": "Feature", "properties": {"Name": "PA-231 Unidad Deportiva Morelos", "nombre": "PA-231 Unidad Deportiva Morelos"}, "geometry": {"type": "Point", "coordinates": [-90.5019023, 19.8504735]}}, {"type": "Feature", "properties": {"Name": "PA-262 Calle Castellot con 17", "nombre": "PA-262 Calle Castellot con 17"}, "geometry": {"type": "Point", "coordinates": [-90.5029333, 19.8512133]}}, {"type": "Feature", "properties": {"Name": "PA-354 Dolores por calle 4", "nombre": "PA-354 Dolores por calle 4"}, "geometry": {"type": "Point", "coordinates": [-90.5018883, 19.853445]}}, {"type": "Feature", "properties": {"Name": "PA-484 Abelardo Carrillo por calle 3", "nombre": "PA-484 Abelardo Carrillo por calle 3"}, "geometry": {"type": "Point", "coordinates": [-90.5013283, 19.8548616]}}, {"type": "Feature", "properties": {"Name": "PA-229 El pez volador 1", "nombre": "PA-229 El pez volador 1"}, "geometry": {"type": "Point", "coordinates": [-90.5024133, 19.8561966]}}, {"type": "Feature", "properties": {"Name": "PA-464 Dunosusa Morelos", "nombre": "PA-464 Dunosusa Morelos"}, "geometry": {"type": "Point", "coordinates": [-90.5044766, 19.85776]}}, {"type": "Feature", "properties": {"Name": "PA-459 Similares Morelos", "nombre": "PA-459 Similares Morelos"}, "geometry": {"type": "Point", "coordinates": [-90.5059833, 19.856555]}}, {"type": "Feature", "properties": {"Name": "PA-457 16 de Septiembre por calle 108 norte", "nombre": "PA-457 16 de Septiembre por calle 108 norte"}, "geometry": {"type": "Point", "coordinates": [-90.5078516, 19.8574066]}}, {"type": "Feature", "properties": {"Name": "PA-195 Calle 108 con Calle 105 sur", "nombre": "PA-195 Calle 108 con Calle 105 sur"}, "geometry": {"type": "Point", "coordinates": [-90.5094428, 19.8552194]}}, {"type": "Feature", "properties": {"Name": "PA-282 San Caralampio", "nombre": "PA-282 San Caralampio"}, "geometry": {"type": "Point", "coordinates": [-90.512035, 19.8524633]}}, {"type": "Feature", "properties": {"Name": "PA-339 Cementerio Sta Lucía", "nombre": "PA-339 Cementerio Sta Lucía"}, "geometry": {"type": "Point", "coordinates": [-90.5129116, 19.8491516]}}, {"type": "Feature", "properties": {"Name": "PA-238 Parque Sta Lucía", "nombre": "PA-238 Parque Sta Lucía"}, "geometry": {"type": "Point", "coordinates": [-90.5147966, 19.8476233]}}, {"type": "Feature", "properties": {"Name": "PA-66 Parque Alvaro Obregón sur", "nombre": "PA-66 Parque Alvaro Obregón sur"}, "geometry": {"type": "Point", "coordinates": [-90.5159916, 19.8469633]}}, {"type": "Feature", "properties": {"Name": "PA-67 Alvaro Obregón por calle 14", "nombre": "PA-67 Alvaro Obregón por calle 14"}, "geometry": {"type": "Point", "coordinates": [-90.518076, 19.848621]}}, {"type": "Feature", "properties": {"Name": "PA-185 Calle 14 por Ría", "nombre": "PA-185 Calle 14 por Ría"}, "geometry": {"type": "Point", "coordinates": [-90.51959, 19.84785]}}, {"type": "Feature", "properties": {"Name": "PA-59 calle 14 por Zarco", "nombre": "PA-59 calle 14 por Zarco"}, "geometry": {"type": "Point", "coordinates": [-90.52305, 19.8478016]}}, {"type": "Feature", "properties": {"Name": "PA-359 Primaria Héctor Pérez", "nombre": "PA-359 Primaria Héctor Pérez"}, "geometry": {"type": "Point", "coordinates": [-90.5262216, 19.8478483]}}, {"type": "Feature", "properties": {"Name": "PA-250 Calle 45-B", "nombre": "PA-250 Calle 45-B"}, "geometry": {"type": "Point", "coordinates": [-90.5291416, 19.8467016]}}, {"type": "Feature", "properties": {"Name": "PA-248 La  Escondida", "nombre": "PA-248 La  Escondida"}, "geometry": {"type": "Point", "coordinates": [-90.530953, 19.845824]}}, {"type": "Feature", "properties": {"Name": "PA-186 Manuel Campos", "nombre": "PA-186 Manuel Campos"}, "geometry": {"type": "Point", "coordinates": [-90.5322, 19.8441887]}}, {"type": "Feature", "properties": {"Name": "PA-77 Cancha 20 de noviembre", "nombre": "PA-77 Cancha 20 de noviembre"}, "geometry": {"type": "Point", "coordinates": [-90.537115, 19.8472469]}}, {"type": "Feature", "properties": {"Name": "PA-78 Concha Acustica sur", "nombre": "PA-78 Concha Acustica sur"}, "geometry": {"type": "Point", "coordinates": [-90.540696, 19.8431499]}}, {"type": "Feature", "properties": {"Name": "PA-193 Calle 108 por 105", "nombre": "PA-193 Calle 108 por 105"}, "geometry": {"type": "Point", "coordinates": [-90.50954, 19.8552166]}}, {"type": "Feature", "properties": {"Name": "PA-524 Mirador", "nombre": "PA-524 Mirador"}, "geometry": {"type": "Point", "coordinates": [-90.5071583, 19.8580216]}}, {"type": "Feature", "properties": {"Name": "PA-519 Tumbo por Unión Obrera", "nombre": "PA-519 Tumbo por Unión Obrera"}, "geometry": {"type": "Point", "coordinates": [-90.5047816, 19.8584783]}}, {"type": "Feature", "properties": {"Name": "PA-438 Primaria Participación Ciudadana", "nombre": "PA-438 Primaria Participación Ciudadana"}, "geometry": {"type": "Point", "coordinates": [-90.503555, 19.857485]}}, {"type": "Feature", "properties": {"Name": "PA-225 3 hermano con Malagón", "nombre": "PA-225 3 hermano con Malagón"}, "geometry": {"type": "Point", "coordinates": [-90.502695, 19.8563466]}}, {"type": "Feature", "properties": {"Name": "PA-441 calle 3 hermanos por Abelardo Carrillo", "nombre": "PA-441 calle 3 hermanos por Abelardo Carrillo"}, "geometry": {"type": "Point", "coordinates": [-90.5011733, 19.8552916]}}, {"type": "Feature", "properties": {"Name": "PA-483 calle 4 por Dolores", "nombre": "PA-483 calle 4 por Dolores"}, "geometry": {"type": "Point", "coordinates": [-90.5019383, 19.8535866]}}, {"type": "Feature", "properties": {"Name": "PA-307 Castellot con 19", "nombre": "PA-307 Castellot con 19"}, "geometry": {"type": "Point", "coordinates": [-90.5029033, 19.850895]}}, {"type": "Feature", "properties": {"Name": "PA-211 Unidad Deportiva Morelos 2", "nombre": "PA-211 Unidad Deportiva Morelos 2"}, "geometry": {"type": "Point", "coordinates": [-90.50182, 19.8506616]}}, {"type": "Feature", "properties": {"Name": "PA-212 Calle Jazmín", "nombre": "PA-212 Calle Jazmín"}, "geometry": {"type": "Point", "coordinates": [-90.4984266, 19.85161]}}, {"type": "Feature", "properties": {"Name": "PA-199 Calle 10 con Calle 27", "nombre": "PA-199 Calle 10 con Calle 27"}, "geometry": {"type": "Point", "coordinates": [-90.5042283, 19.8462516]}}, {"type": "Feature", "properties": {"Name": "PA-261 Calle 10 por calle 19", "nombre": "PA-261 Calle 10 por calle 19"}, "geometry": {"type": "Point", "coordinates": [-90.505235, 19.8498816]}}, {"type": "Feature", "properties": {"Name": "PA-210 Mercado Morelos", "nombre": "PA-210 Mercado Morelos"}, "geometry": {"type": "Point", "coordinates": [-90.50412, 19.8508383]}}, {"type": "Feature", "properties": {"Name": "PA-309 12 con 114", "nombre": "PA-309 12 con 114"}, "geometry": {"type": "Point", "coordinates": [-90.5056983, 19.8525183]}}, {"type": "Feature", "properties": {"Name": "PA-520 Septimio norte", "nombre": "PA-520 Septimio norte"}, "geometry": {"type": "Point", "coordinates": [-90.5075316, 19.8540116]}}, {"type": "Feature", "properties": {"Name": "PA-196 Calle 16 de septiembre", "nombre": "PA-196 Calle 16 de septiembre"}, "geometry": {"type": "Point", "coordinates": [-90.5080433, 19.8573883]}}, {"type": "Feature", "properties": {"Name": "PA-523 Técnica 17", "nombre": "PA-523 Técnica 17"}, "geometry": {"type": "Point", "coordinates": [-90.509155, 19.85767]}}, {"type": "Feature", "properties": {"Name": "PA-197 Calle 6", "nombre": "PA-197 Calle 6"}, "geometry": {"type": "Point", "coordinates": [-90.5097766, 19.8580983]}}, {"type": "Feature", "properties": {"Name": "PA-68 Puente La Ermita", "nombre": "PA-68 Puente La Ermita"}, "geometry": {"type": "Point", "coordinates": [-90.52076, 19.8505259]}}, {"type": "Feature", "properties": {"Name": "PA-47 Alvaro Ogregón por calle San José", "nombre": "PA-47 Alvaro Ogregón por calle San José"}, "geometry": {"type": "Point", "coordinates": [-90.520254, 19.8503759]}}, {"type": "Feature", "properties": {"Name": "PA-536 Álvaro Obregón Por Calle 14", "nombre": "PA-536 Álvaro Obregón Por Calle 14"}, "geometry": {"type": "Point", "coordinates": [-90.5187894, 19.8489925]}}, {"type": "Feature", "properties": {"Name": "PA-49 Alvaro Obregón por calle 110 sur", "nombre": "PA-49 Alvaro Obregón por calle 110 sur"}, "geometry": {"type": "Point", "coordinates": [-90.5127901, 19.8455793]}}, {"type": "Feature", "properties": {"Name": "PA-64 Alvaro Obregon por calle 116 sur", "nombre": "PA-64 Alvaro Obregon por calle 116 sur"}, "geometry": {"type": "Point", "coordinates": [-90.5082212, 19.8447976]}}, {"type": "Feature", "properties": {"Name": "PA-62 Tamarindo por calle Fátima", "nombre": "PA-62 Tamarindo por calle Fátima"}, "geometry": {"type": "Point", "coordinates": [-90.497125, 19.8459759]}}, {"type": "Feature", "properties": {"Name": "PA-61 Caimito por Mazorca", "nombre": "PA-61 Caimito por Mazorca"}, "geometry": {"type": "Point", "coordinates": [-90.493728, 19.8456569]}}, {"type": "Feature", "properties": {"Name": "PA-60 Hospital Naval", "nombre": "PA-60 Hospital Naval"}, "geometry": {"type": "Point", "coordinates": [-90.492473, 19.8446619]}}, {"type": "Feature", "properties": {"Name": "PA-58 Papaya por Caimito", "nombre": "PA-58 Papaya por Caimito"}, "geometry": {"type": "Point", "coordinates": [-90.495023, 19.8435719]}}, {"type": "Feature", "properties": {"Name": "PA-57 Cancha Esperanza", "nombre": "PA-57 Cancha Esperanza"}, "geometry": {"type": "Point", "coordinates": [-90.497, 19.8419999]}}, {"type": "Feature", "properties": {"Name": "PA-56 calle 18 por calle 11", "nombre": "PA-56 calle 18 por calle 11"}, "geometry": {"type": "Point", "coordinates": [-90.497495, 19.8398849]}}, {"type": "Feature", "properties": {"Name": "PA-55 Solidaridad por calle 13", "nombre": "PA-55 Solidaridad por calle 13"}, "geometry": {"type": "Point", "coordinates": [-90.498429, 19.8374439]}}, {"type": "Feature", "properties": {"Name": "PA-54 Cancha Solidaridad", "nombre": "PA-54 Cancha Solidaridad"}, "geometry": {"type": "Point", "coordinates": [-90.500105, 19.8392399]}}, {"type": "Feature", "properties": {"Name": "PA-53 Parque Justo Sierra Mendez", "nombre": "PA-53 Parque Justo Sierra Mendez"}, "geometry": {"type": "Point", "coordinates": [-90.502024, 19.8378449]}}, {"type": "Feature", "properties": {"Name": "PA-52 calle 5 por calle 6", "nombre": "PA-52 calle 5 por calle 6"}, "geometry": {"type": "Point", "coordinates": [-90.5045225, 19.8387352]}}, {"type": "Feature", "properties": {"Name": "PA-51 Centro Juvenil Carmelo", "nombre": "PA-51 Centro Juvenil Carmelo"}, "geometry": {"type": "Point", "coordinates": [-90.507348, 19.8409999]}}, {"type": "Feature", "properties": {"Name": "PA-50 Alvaro Obregón por calle 116 norte", "nombre": "PA-50 Alvaro Obregón por calle 116 norte"}, "geometry": {"type": "Point", "coordinates": [-90.508223, 19.8447549]}}, {"type": "Feature", "properties": {"Name": "PA-65 Alvaro Obregón por calle 110 norte", "nombre": "PA-65 Alvaro Obregón por calle 110 norte"}, "geometry": {"type": "Point", "coordinates": [-90.512576, 19.8454779]}}, {"type": "Feature", "properties": {"Name": "PA-325 calle 14 por calle 112", "nombre": "PA-325 calle 14 por calle 112"}, "geometry": {"type": "Point", "coordinates": [-90.5113, 19.8477066]}}, {"type": "Feature", "properties": {"Name": "PA-226 Depósito San José", "nombre": "PA-226 Depósito San José"}, "geometry": {"type": "Point", "coordinates": [-90.5093483, 19.847405]}}, {"type": "Feature", "properties": {"Name": "PA-326 Año internacional de la Paz", "nombre": "PA-326 Año internacional de la Paz"}, "geometry": {"type": "Point", "coordinates": [-90.5075866, 19.8507433]}}, {"type": "Feature", "properties": {"Name": "PA-227 Esquina del Parroquiano 3", "nombre": "PA-227 Esquina del Parroquiano 3"}, "geometry": {"type": "Point", "coordinates": [-90.5055133, 19.852885]}}, {"type": "Feature", "properties": {"Name": "PA-228 Parque del Joloch", "nombre": "PA-228 Parque del Joloch"}, "geometry": {"type": "Point", "coordinates": [-90.5036383, 19.8549066]}}, {"type": "Feature", "properties": {"Name": "PA-458 Malagón por 3 hermanos", "nombre": "PA-458 Malagón por 3 hermanos"}, "geometry": {"type": "Point", "coordinates": [-90.5026183, 19.856065]}}, {"type": "Feature", "properties": {"Name": "PA-223 Abarrotes Donaldo Colosio", "nombre": "PA-223 Abarrotes Donaldo Colosio"}, "geometry": {"type": "Point", "coordinates": [-90.5008029, 19.8595378]}}, {"type": "Feature", "properties": {"Name": "PA-224 Las Flores", "nombre": "PA-224 Las Flores"}, "geometry": {"type": "Point", "coordinates": [-90.5018009, 19.8616196]}}, {"type": "Feature", "properties": {"Name": "PA-222 San Salvador", "nombre": "PA-222 San Salvador"}, "geometry": {"type": "Point", "coordinates": [-90.5002133, 19.8637283]}}, {"type": "Feature", "properties": {"Name": "PA-220 Alejandrina por Granate", "nombre": "PA-220 Alejandrina por Granate"}, "geometry": {"type": "Point", "coordinates": [-90.4981583, 19.8658116]}}, {"type": "Feature", "properties": {"Name": "PA-221 Rubí con Topacio", "nombre": "PA-221 Rubí con Topacio"}, "geometry": {"type": "Point", "coordinates": [-90.49561, 19.8661533]}}, {"type": "Feature", "properties": {"Name": "PA-260 Solidaridad Nacional", "nombre": "PA-260 Solidaridad Nacional"}, "geometry": {"type": "Point", "coordinates": [-90.4937577, 19.8638931]}}, {"type": "Feature", "properties": {"Name": "PA-219 Cuarzo con Topacio (Campo)", "nombre": "PA-219 Cuarzo con Topacio (Campo)"}, "geometry": {"type": "Point", "coordinates": [-90.4924878, 19.8627632]}}, {"type": "Feature", "properties": {"Name": "PA-383 Calle 4 por Prol calle 7", "nombre": "PA-383 Calle 4 por Prol calle 7"}, "geometry": {"type": "Point", "coordinates": [-90.493114, 19.861223]}}, {"type": "Feature", "properties": {"Name": "PA-218 Cuarzo por Plata", "nombre": "PA-218 Cuarzo por Plata"}, "geometry": {"type": "Point", "coordinates": [-90.494108, 19.8614717]}}, {"type": "Feature", "properties": {"Name": "PA-217 Plata", "nombre": "PA-217 Plata"}, "geometry": {"type": "Point", "coordinates": [-90.4962966, 19.8621566]}}, {"type": "Feature", "properties": {"Name": "PA-216 Abarrotes Minas", "nombre": "PA-216 Abarrotes Minas"}, "geometry": {"type": "Point", "coordinates": [-90.498425, 19.861985]}}, {"type": "Feature", "properties": {"Name": "PA-215 Corregidora", "nombre": "PA-215 Corregidora"}, "geometry": {"type": "Point", "coordinates": [-90.4980573, 19.8594828]}}, {"type": "Feature", "properties": {"Name": "PA-214 Héctor de la Peña Pavón", "nombre": "PA-214 Héctor de la Peña Pavón"}, "geometry": {"type": "Point", "coordinates": [-90.4976078, 19.8572898]}}, {"type": "Feature", "properties": {"Name": "PA-213 Renovación Moral", "nombre": "PA-213 Renovación Moral"}, "geometry": {"type": "Point", "coordinates": [-90.4979639, 19.8528344]}}, {"type": "Feature", "properties": {"Name": "PA-209 Calle 116 con Calle 17", "nombre": "PA-209 Calle 116 con Calle 17"}, "geometry": {"type": "Point", "coordinates": [-90.5062983, 19.8505916]}}, {"type": "Feature", "properties": {"Name": "PA-208 Calle 116 con Niños Héroes", "nombre": "PA-208 Calle 116 con Niños Héroes"}, "geometry": {"type": "Point", "coordinates": [-90.5078366, 19.848]}}, {"type": "Feature", "properties": {"Name": "PA-79 calle 16 por 114", "nombre": "PA-79 calle 16 por 114"}, "geometry": {"type": "Point", "coordinates": [-90.5092333, 19.8459616]}}, {"type": "Feature", "properties": {"Name": "PA-207 Calle 16 por 110", "nombre": "PA-207 Calle 16 por 110"}, "geometry": {"type": "Point", "coordinates": [-90.512295, 19.8463916]}}, {"type": "Feature", "properties": {"Name": "PA-76 SEAFI", "nombre": "PA-76 SEAFI"}, "geometry": {"type": "Point", "coordinates": [-90.53226, 19.8438639]}}, {"type": "Feature", "properties": {"Name": "PA-175 Portales San Martín norte", "nombre": "PA-175 Portales San Martín norte"}, "geometry": {"type": "Point", "coordinates": [-90.5329233, 19.8473716]}}, {"type": "Feature", "properties": {"Name": "PA-235 Parque de Guadalupe", "nombre": "PA-235 Parque de Guadalupe"}, "geometry": {"type": "Point", "coordinates": [-90.530575, 19.8484866]}}, {"type": "Feature", "properties": {"Name": "PA-283 Calle 10 por Rosales", "nombre": "PA-283 Calle 10 por Rosales"}, "geometry": {"type": "Point", "coordinates": [-90.5271192, 19.8501822]}}, {"type": "Feature", "properties": {"Name": "PA-242 Parque de San Fco.", "nombre": "PA-242 Parque de San Fco."}, "geometry": {"type": "Point", "coordinates": [-90.5247627, 19.8518618]}}, {"type": "Feature", "properties": {"Name": "PA-241 Fco. I. Madero", "nombre": "PA-241 Fco. I. Madero"}, "geometry": {"type": "Point", "coordinates": [-90.5219397, 19.8513025]}}, {"type": "Feature", "properties": {"Name": "PA-240 Ah-Kim-Pech norte", "nombre": "PA-240 Ah-Kim-Pech norte"}, "geometry": {"type": "Point", "coordinates": [-90.5204633, 19.8511966]}}, {"type": "Feature", "properties": {"Name": "PA-190 Parque Carrillo Puerto norte", "nombre": "PA-190 Parque Carrillo Puerto norte"}, "geometry": {"type": "Point", "coordinates": [-90.5183365, 19.8545832]}}, {"type": "Feature", "properties": {"Name": "PA-82: Gustavo Diaz Ordaz por 10B norte", "nombre": "PA-82: Gustavo Diaz Ordaz por 10B norte"}, "geometry": {"type": "Point", "coordinates": [-90.5191984, 19.8569979]}}, {"type": "Feature", "properties": {"Name": "PA-281 Cruz Roja norte", "nombre": "PA-281 Cruz Roja norte"}, "geometry": {"type": "Point", "coordinates": [-90.51682, 19.8588116]}}, {"type": "Feature", "properties": {"Name": "PA-284 Secundaria General 3", "nombre": "PA-284 Secundaria General 3"}, "geometry": {"type": "Point", "coordinates": [-90.5144983, 19.8606816]}}, {"type": "Feature", "properties": {"Name": "PA-247 Nelson Barrera norte", "nombre": "PA-247 Nelson Barrera norte"}, "geometry": {"type": "Point", "coordinates": [-90.5114083, 19.8621666]}}, {"type": "Feature", "properties": {"Name": "PA-251 Sixto Pérez Cuevas", "nombre": "PA-251 Sixto Pérez Cuevas"}, "geometry": {"type": "Point", "coordinates": [-90.5075766, 19.86346]}}, {"type": "Feature", "properties": {"Name": "PA-253 Villa Mercedes norte", "nombre": "PA-253 Villa Mercedes norte"}, "geometry": {"type": "Point", "coordinates": [-90.5049145, 19.8646762]}}, {"type": "Feature", "properties": {"Name": "PA-269 Palmas III norte", "nombre": "PA-269 Palmas III norte"}, "geometry": {"type": "Point", "coordinates": [-90.5025996, 19.8657895]}}, {"type": "Feature", "properties": {"Name": "PA-232 Antigua Hampolol norte", "nombre": "PA-232 Antigua Hampolol norte"}, "geometry": {"type": "Point", "coordinates": [-90.4987001, 19.8683832]}}, {"type": "Feature", "properties": {"Name": "PA-259 Maquiladora norte", "nombre": "PA-259 Maquiladora norte"}, "geometry": {"type": "Point", "coordinates": [-90.4937473, 19.8709562]}}, {"type": "Feature", "properties": {"Name": "PA-336 Iglesia Fidel Velázquez norte", "nombre": "PA-336 Iglesia Fidel Velázquez norte"}, "geometry": {"type": "Point", "coordinates": [-90.4922116, 19.8688733]}}, {"type": "Feature", "properties": {"Name": "PA-256 Solidaridad con San Luis Norte", "nombre": "PA-256 Solidaridad con San Luis Norte"}, "geometry": {"type": "Point", "coordinates": [-90.48938, 19.8664416]}}, {"type": "Feature", "properties": {"Name": "PA-188 Glorieta CTM", "nombre": "PA-188 Glorieta CTM"}, "geometry": {"type": "Point", "coordinates": [-90.4922283, 19.8629416]}}, {"type": "Feature", "properties": {"Name": "PA-529 Calle Zafiro Con Av Ctm", "nombre": "PA-529 Calle Zafiro Con Av Ctm"}, "geometry": {"type": "Point", "coordinates": [-90.4930858, 19.8608503]}}, {"type": "Feature", "properties": {"Name": "PA-543 CTM con Benito Juárez", "nombre": "PA-543 CTM con Benito Juárez"}, "geometry": {"type": "Point", "coordinates": [-90.4926312, 19.8568074]}}, {"type": "Feature", "properties": {"Name": "PA-528 Av Ctm Por Supermercado", "nombre": "PA-528 Av Ctm Por Supermercado"}, "geometry": {"type": "Point", "coordinates": [-90.4929133, 19.8607489]}}, {"type": "Feature", "properties": {"Name": "PA-189 Técnica 27", "nombre": "PA-189 Técnica 27"}, "geometry": {"type": "Point", "coordinates": [-90.491615, 19.8634333]}}, {"type": "Feature", "properties": {"Name": "PA-187 Solidaridad con San Luis sur", "nombre": "PA-187 Solidaridad con San Luis sur"}, "geometry": {"type": "Point", "coordinates": [-90.4894133, 19.8667533]}}, {"type": "Feature", "properties": {"Name": "PA-258 Oaxaca", "nombre": "PA-258 Oaxaca"}, "geometry": {"type": "Point", "coordinates": [-90.4904627, 19.86938]}}, {"type": "Feature", "properties": {"Name": "PA-534 Jardin De Niños El Huerto", "nombre": "PA-534 Jardin De Niños El Huerto"}, "geometry": {"type": "Point", "coordinates": [-90.4902558, 19.8713774]}}, {"type": "Feature", "properties": {"Name": "PA-533 Calle 1 Campeche Con Cancha Fidel Velazquez", "nombre": "PA-533 Calle 1 Campeche Con Cancha Fidel Velazquez"}, "geometry": {"type": "Point", "coordinates": [-90.4917198, 19.8725135]}}, {"type": "Feature", "properties": {"Name": "PA-257 Antigua Hampolol sur", "nombre": "PA-257 Antigua Hampolol sur"}, "geometry": {"type": "Point", "coordinates": [-90.4992066, 19.8681983]}}, {"type": "Feature", "properties": {"Name": "PA-255 Palmas III sur", "nombre": "PA-255 Palmas III sur"}, "geometry": {"type": "Point", "coordinates": [-90.5025083, 19.8660516]}}, {"type": "Feature", "properties": {"Name": "PA-254 Villamercedes sur", "nombre": "PA-254 Villamercedes sur"}, "geometry": {"type": "Point", "coordinates": [-90.5046883, 19.864935]}}, {"type": "Feature", "properties": {"Name": "PA-252 CETMAR", "nombre": "PA-252 CETMAR"}, "geometry": {"type": "Point", "coordinates": [-90.5084283, 19.863715]}}, {"type": "Feature", "properties": {"Name": "PA-249 Nelson Barrera sur", "nombre": "PA-249 Nelson Barrera sur"}, "geometry": {"type": "Point", "coordinates": [-90.5122666, 19.862535]}}, {"type": "Feature", "properties": {"Name": "PA-192 Secundaria General 3 sur", "nombre": "PA-192 Secundaria General 3 sur"}, "geometry": {"type": "Point", "coordinates": [-90.5145066, 19.8608166]}}, {"type": "Feature", "properties": {"Name": "PA-245 Cruz Roja sur", "nombre": "PA-245 Cruz Roja sur"}, "geometry": {"type": "Point", "coordinates": [-90.5164483, 19.85925]}}, {"type": "Feature", "properties": {"Name": "PA-81: Gustavo Diaz Ordaz por 10B sur", "nombre": "PA-81: Gustavo Diaz Ordaz por 10B sur"}, "geometry": {"type": "Point", "coordinates": [-90.519613, 19.8568889]}}, {"type": "Feature", "properties": {"Name": "PA-334 Felipe Carrillo Puerto sur", "nombre": "PA-334 Felipe Carrillo Puerto sur"}, "geometry": {"type": "Point", "coordinates": [-90.5186234, 19.8549625]}}, {"type": "Feature", "properties": {"Name": "PA-239 Ah-Kim-Pech sur", "nombre": "PA-239 Ah-Kim-Pech sur"}, "geometry": {"type": "Point", "coordinates": [-90.5206909, 19.8510332]}}, {"type": "Feature", "properties": {"Name": "PA-69 Parque 7 de agosto", "nombre": "PA-69 Parque 7 de agosto"}, "geometry": {"type": "Point", "coordinates": [-90.522617, 19.8538189]}}, {"type": "Feature", "properties": {"Name": "PA-237 Iglesia de San Francisco", "nombre": "PA-237 Iglesia de San Francisco"}, "geometry": {"type": "Point", "coordinates": [-90.5250293, 19.8528541]}}, {"type": "Feature", "properties": {"Name": "PA-236 Calle 12 con calle 45-A", "nombre": "PA-236 Calle 12 con calle 45-A"}, "geometry": {"type": "Point", "coordinates": [-90.5290767, 19.8504462]}}, {"type": "Feature", "properties": {"Name": "PA-234 Portales San Martín sur", "nombre": "PA-234 Portales San Martín sur"}, "geometry": {"type": "Point", "coordinates": [-90.5311459, 19.8494076]}}, {"type": "Feature", "properties": {"Name": "PA-531 Av Ruiz Cortinez Por Hotel", "nombre": "PA-531 Av Ruiz Cortinez Por Hotel"}, "geometry": {"type": "Point", "coordinates": [-90.5339812, 19.8490484]}}, {"type": "Feature", "properties": {"Name": "PA-542 Mercado Oriente", "nombre": "PA-542 Mercado Oriente"}, "geometry": {"type": "Point", "coordinates": [-90.5335794, 19.842691]}}, {"type": "Feature", "properties": {"Name": "PA-39 Concha Acustica norte", "nombre": "PA-39 Concha Acustica norte"}, "geometry": {"type": "Point", "coordinates": [-90.5405464, 19.8432017]}}, {"type": "Feature", "properties": {"Name": "PA-40 Parque de las banderas", "nombre": "PA-40 Parque de las banderas"}, "geometry": {"type": "Point", "coordinates": [-90.5366801, 19.8473151]}}, {"type": "Feature", "properties": {"Name": "PA-41 Cine estelar", "nombre": "PA-41 Cine estelar"}, "geometry": {"type": "Point", "coordinates": [-90.533715, 19.8478649]}}, {"type": "Feature", "properties": {"Name": "PA-72 Colegio arquitectos norte", "nombre": "PA-72 Colegio arquitectos norte"}, "geometry": {"type": "Point", "coordinates": [-90.532101, 19.8506219]}}, {"type": "Feature", "properties": {"Name": "PA-43 Walmart ah kim pech", "nombre": "PA-43 Walmart ah kim pech"}, "geometry": {"type": "Point", "coordinates": [-90.529485, 19.8529569]}}, {"type": "Feature", "properties": {"Name": "PA-44 Pescador norte", "nombre": "PA-44 Pescador norte"}, "geometry": {"type": "Point", "coordinates": [-90.526787, 19.8540399]}}, {"type": "Feature", "properties": {"Name": "PA-45 Parque campeche", "nombre": "PA-45 Parque campeche"}, "geometry": {"type": "Point", "coordinates": [-90.523743, 19.8544549]}}, {"type": "Feature", "properties": {"Name": "PA-46 Parque Fco I Madero", "nombre": "PA-46 Parque Fco I Madero"}, "geometry": {"type": "Point", "coordinates": [-90.521986, 19.8516739]}}, {"type": "Feature", "properties": {"Name": "PA-263 Ría con 14", "nombre": "PA-263 Ría con 14"}, "geometry": {"type": "Point", "coordinates": [-90.519741, 19.8475649]}}, {"type": "Feature", "properties": {"Name": "PA-264 Ría Supermercador sur", "nombre": "PA-264 Ría Supermercador sur"}, "geometry": {"type": "Point", "coordinates": [-90.519351, 19.8459429]}}, {"type": "Feature", "properties": {"Name": "PA-266 Av. Hidalgo 1 sur", "nombre": "PA-266 Av. Hidalgo 1 sur"}, "geometry": {"type": "Point", "coordinates": [-90.513409, 19.8422839]}}, {"type": "Feature", "properties": {"Name": "PA-324 Oreza Hidalgo sur", "nombre": "PA-324 Oreza Hidalgo sur"}, "geometry": {"type": "Point", "coordinates": [-90.511781, 19.8399319]}}, {"type": "Feature", "properties": {"Name": "PA-268 Hidalgo Aviacion sur", "nombre": "PA-268 Hidalgo Aviacion sur"}, "geometry": {"type": "Point", "coordinates": [-90.509032, 19.8375539]}}, {"type": "Feature", "properties": {"Name": "PA-297 Navales sur", "nombre": "PA-297 Navales sur"}, "geometry": {"type": "Point", "coordinates": [-90.503966, 19.8358529]}}, {"type": "Feature", "properties": {"Name": "PA-270 Quinta de los españoles sur", "nombre": "PA-270 Quinta de los españoles sur"}, "geometry": {"type": "Point", "coordinates": [-90.5013174, 19.834575]}}, {"type": "Feature", "properties": {"Name": "PA-271 Tienda de materiales Concordia sur", "nombre": "PA-271 Tienda de materiales Concordia sur"}, "geometry": {"type": "Point", "coordinates": [-90.4989361, 19.8333882]}}, {"type": "Feature", "properties": {"Name": "PA-89 Soriana concordia", "nombre": "PA-89 Soriana concordia"}, "geometry": {"type": "Point", "coordinates": [-90.49746, 19.8311869]}}, {"type": "Feature", "properties": {"Name": "PA-274 Abarrotes Siglo XXI", "nombre": "PA-274 Abarrotes Siglo XXI"}, "geometry": {"type": "Point", "coordinates": [-90.493666, 19.8144569]}}, {"type": "Feature", "properties": {"Name": "PA-275 Calle décima sur", "nombre": "PA-275 Calle décima sur"}, "geometry": {"type": "Point", "coordinates": [-90.493295, 19.8098919]}}, {"type": "Feature", "properties": {"Name": "PA-96 parque siglo xxi", "nombre": "PA-96 parque siglo xxi"}, "geometry": {"type": "Point", "coordinates": [-90.492328, 19.8059939]}}, {"type": "Feature", "properties": {"Name": "PA-276 Vigésima cuarta", "nombre": "PA-276 Vigésima cuarta"}, "geometry": {"type": "Point", "coordinates": [-90.4911155, 19.8016728]}}, {"type": "Feature", "properties": {"Name": "PA-277 Segunda Glorieta", "nombre": "PA-277 Segunda Glorieta"}, "geometry": {"type": "Point", "coordinates": [-90.489487, 19.8024939]}}, {"type": "Feature", "properties": {"Name": "PA-507 esquina décima octava", "nombre": "PA-507 esquina décima octava"}, "geometry": {"type": "Point", "coordinates": [-90.490108, 19.8047919]}}, {"type": "Feature", "properties": {"Name": "PA-278 Unidad Deportiva siglo XXI", "nombre": "PA-278 Unidad Deportiva siglo XXI"}, "geometry": {"type": "Point", "coordinates": [-90.4905708, 19.8065608]}}, {"type": "Feature", "properties": {"Name": "PA-279 Calle décima norte", "nombre": "PA-279 Calle décima norte"}, "geometry": {"type": "Point", "coordinates": [-90.492387, 19.8101519]}}, {"type": "Feature", "properties": {"Name": "PA-280 Glorieta siglo XXI norte", "nombre": "PA-280 Glorieta siglo XXI norte"}, "geometry": {"type": "Point", "coordinates": [-90.493415, 19.8141359]}}, {"type": "Feature", "properties": {"Name": "PA-272 Glorieta kin-ha", "nombre": "PA-272 Glorieta kin-ha"}, "geometry": {"type": "Point", "coordinates": [-90.495999, 19.8306609]}}, {"type": "Feature", "properties": {"Name": "PA-291 Tienda de Materiales Concordia norte", "nombre": "PA-291 Tienda de Materiales Concordia norte"}, "geometry": {"type": "Point", "coordinates": [-90.498778, 19.8334447]}}, {"type": "Feature", "properties": {"Name": "PA-296 Quinta españoles norte", "nombre": "PA-296 Quinta españoles norte"}, "geometry": {"type": "Point", "coordinates": [-90.5010303, 19.8346154]}}, {"type": "Feature", "properties": {"Name": "PA-298 Navales norte", "nombre": "PA-298 Navales norte"}, "geometry": {"type": "Point", "coordinates": [-90.503442, 19.8357669]}}, {"type": "Feature", "properties": {"Name": "PA-301 Hidalgo Aviación norte", "nombre": "PA-301 Hidalgo Aviación norte"}, "geometry": {"type": "Point", "coordinates": [-90.508508, 19.8374179]}}, {"type": "Feature", "properties": {"Name": "PA-267 OREZA HIDALGO NORTE", "nombre": "PA-267 OREZA HIDALGO NORTE"}, "geometry": {"type": "Point", "coordinates": [-90.5118174, 19.8401466]}}, {"type": "Feature", "properties": {"Name": "PA-303 Av. Hidalgo 1 norte", "nombre": "PA-303 Av. Hidalgo 1 norte"}, "geometry": {"type": "Point", "coordinates": [-90.5134078, 19.8424632]}}, {"type": "Feature", "properties": {"Name": "PA-305 Ría Tienda de materiales (Maritza Ruelas)", "nombre": "PA-305 Ría Tienda de materiales (Maritza Ruelas)"}, "geometry": {"type": "Point", "coordinates": [-90.518726, 19.8436479]}}, {"type": "Feature", "properties": {"Name": "PA-288 Ría Supermercado norte", "nombre": "PA-288 Ría Supermercado norte"}, "geometry": {"type": "Point", "coordinates": [-90.519161, 19.8459709]}}, {"type": "Feature", "properties": {"Name": "PA-70 Pescador sur", "nombre": "PA-70 Pescador sur"}, "geometry": {"type": "Point", "coordinates": [-90.526807, 19.8542519]}}, {"type": "Feature", "properties": {"Name": "PA-71 Super colchones", "nombre": "PA-71 Super colchones"}, "geometry": {"type": "Point", "coordinates": [-90.529794, 19.8531319]}}, {"type": "Feature", "properties": {"Name": "PA-42 Colegio arquitectos sur", "nombre": "PA-42 Colegio arquitectos sur"}, "geometry": {"type": "Point", "coordinates": [-90.532151, 19.8501459]}}, {"type": "Feature", "properties": {"Name": "PA-74 Parque de San Martín", "nombre": "PA-74 Parque de San Martín"}, "geometry": {"type": "Point", "coordinates": [-90.5338666, 19.8467183]}}, {"type": "Feature", "properties": {"Name": "PA-273 Glorieta Concordia IMSS 13", "nombre": "PA-273 Glorieta Concordia IMSS 13"}, "geometry": {"type": "Point", "coordinates": [-90.494587, 19.8333599]}}, {"type": "Feature", "properties": {"Name": "PA-292 IMSS Concordia sur", "nombre": "PA-292 IMSS Concordia sur"}, "geometry": {"type": "Point", "coordinates": [-90.49262, 19.8339139]}}, {"type": "Feature", "properties": {"Name": "PA-287 Cecytec", "nombre": "PA-287 Cecytec"}, "geometry": {"type": "Point", "coordinates": [-90.491185, 19.8325369]}}, {"type": "Feature", "properties": {"Name": "PA-461 Pérez Martínez por Trueba Urbina", "nombre": "PA-461 Pérez Martínez por Trueba Urbina"}, "geometry": {"type": "Point", "coordinates": [-90.489215, 19.8349779]}}, {"type": "Feature", "properties": {"Name": "PA-299 Héctor Pérez Martinez", "nombre": "PA-299 Héctor Pérez Martinez"}, "geometry": {"type": "Point", "coordinates": [-90.487214, 19.8362539]}}, {"type": "Feature", "properties": {"Name": "PA-293 Vicente Guerrero por Jose Ma. Morelos", "nombre": "PA-293 Vicente Guerrero por Jose Ma. Morelos"}, "geometry": {"type": "Point", "coordinates": [-90.4869917, 19.8332099]}}, {"type": "Feature", "properties": {"Name": "PA-286 Vicente Guerrero", "nombre": "PA-286 Vicente Guerrero"}, "geometry": {"type": "Point", "coordinates": [-90.485576, 19.8322079]}}, {"type": "Feature", "properties": {"Name": "PA-295 Venustiano Carranza", "nombre": "PA-295 Venustiano Carranza"}, "geometry": {"type": "Point", "coordinates": [-90.4841664, 19.8332554]}}, {"type": "Feature", "properties": {"Name": "PA-300 Emiliano Zapata", "nombre": "PA-300 Emiliano Zapata"}, "geometry": {"type": "Point", "coordinates": [-90.487155, 19.8365139]}}, {"type": "Feature", "properties": {"Name": "PA-302 Unidad Deportiva Concordia norte", "nombre": "PA-302 Unidad Deportiva Concordia norte"}, "geometry": {"type": "Point", "coordinates": [-90.490214, 19.8374669]}}, {"type": "Feature", "properties": {"Name": "PA-294 IMSS Concordia norte", "nombre": "PA-294 IMSS Concordia norte"}, "geometry": {"type": "Point", "coordinates": [-90.492347, 19.8344329]}}, {"type": "Feature", "properties": {"Name": "PA-290 Glorieta Concordia", "nombre": "PA-290 Glorieta Concordia"}, "geometry": {"type": "Point", "coordinates": [-90.494938, 19.8334149]}}, {"type": "Feature", "properties": {"Name": "PA-313 Unidad Deportiva Concordia", "nombre": "PA-313 Unidad Deportiva Concordia"}, "geometry": {"type": "Point", "coordinates": [-90.492523, 19.8371759]}}, {"type": "Feature", "properties": {"Name": "PA-314 Supermercado Kalá", "nombre": "PA-314 Supermercado Kalá"}, "geometry": {"type": "Point", "coordinates": [-90.490018, 19.8395419]}}, {"type": "Feature", "properties": {"Name": "PA-315 Guadalajara Kalá", "nombre": "PA-315 Guadalajara Kalá"}, "geometry": {"type": "Point", "coordinates": [-90.4887512, 19.8410246]}}, {"type": "Feature", "properties": {"Name": "PA-316 Bonampak", "nombre": "PA-316 Bonampak"}, "geometry": {"type": "Point", "coordinates": [-90.487156, 19.8431769]}}, {"type": "Feature", "properties": {"Name": "PA-317 Bonampak por Campechén", "nombre": "PA-317 Bonampak por Campechén"}, "geometry": {"type": "Point", "coordinates": [-90.487965, 19.8437789]}}, {"type": "Feature", "properties": {"Name": "PA-318 Campechén", "nombre": "PA-318 Campechén"}, "geometry": {"type": "Point", "coordinates": [-90.486993, 19.8450819]}}, {"type": "Feature", "properties": {"Name": "PA-506 Xcaret por Akumal", "nombre": "PA-506 Xcaret por Akumal"}, "geometry": {"type": "Point", "coordinates": [-90.488453, 19.8463419]}}, {"type": "Feature", "properties": {"Name": "PA-462 Bonampak por Edzná", "nombre": "PA-462 Bonampak por Edzná"}, "geometry": {"type": "Point", "coordinates": [-90.489324, 19.8446589]}}, {"type": "Feature", "properties": {"Name": "PA-319 Dzilbalchén", "nombre": "PA-319 Dzilbalchén"}, "geometry": {"type": "Point", "coordinates": [-90.490087, 19.8429219]}}, {"type": "Feature", "properties": {"Name": "PA-320 Palenque", "nombre": "PA-320 Palenque"}, "geometry": {"type": "Point", "coordinates": [-90.492021, 19.8410759]}}, {"type": "Feature", "properties": {"Name": "PA-321 Panadería", "nombre": "PA-321 Panadería"}, "geometry": {"type": "Point", "coordinates": [-90.4905115, 19.8392987]}}, {"type": "Feature", "properties": {"Name": "PA-322 Callejón", "nombre": "PA-322 Callejón"}, "geometry": {"type": "Point", "coordinates": [-90.492631, 19.8396669]}}, {"type": "Feature", "properties": {"Name": "PA-323 Pablo García Norte por Benjamín Romero", "nombre": "PA-323 Pablo García Norte por Benjamín Romero"}, "geometry": {"type": "Point", "coordinates": [-90.495961, 19.8376519]}}, {"type": "Feature", "properties": {"Name": "PA-440", "nombre": "PA-440"}, "geometry": {"type": "Point", "coordinates": [-90.49379, 19.8355059]}}, {"type": "Feature", "properties": {"Name": "PA-360 Parque Sta Ana", "nombre": "PA-360 Parque Sta Ana"}, "geometry": {"type": "Point", "coordinates": [-90.52653, 19.8388359]}}, {"type": "Feature", "properties": {"Name": "PA-351 Coahuila por Ecuador", "nombre": "PA-351 Coahuila por Ecuador"}, "geometry": {"type": "Point", "coordinates": [-90.523021, 19.8383879]}}, {"type": "Feature", "properties": {"Name": "PA-350 Oxxo 3 poderes", "nombre": "PA-350 Oxxo 3 poderes"}, "geometry": {"type": "Point", "coordinates": [-90.522014, 19.8361109]}}, {"type": "Feature", "properties": {"Name": "PA-347 Iglesia de Jardines", "nombre": "PA-347 Iglesia de Jardines"}, "geometry": {"type": "Point", "coordinates": [-90.51912, 19.8343009]}}, {"type": "Feature", "properties": {"Name": "PA-346 Del Tanque", "nombre": "PA-346 Del Tanque"}, "geometry": {"type": "Point", "coordinates": [-90.516104, 19.8336109]}}, {"type": "Feature", "properties": {"Name": "PA-344 Campo Jardines", "nombre": "PA-344 Campo Jardines"}, "geometry": {"type": "Point", "coordinates": [-90.514916, 19.8325509]}}, {"type": "Feature", "properties": {"Name": "PA-332 Calle Noche Buena por Jazmin", "nombre": "PA-332 Calle Noche Buena por Jazmin"}, "geometry": {"type": "Point", "coordinates": [-90.515757, 19.8302109]}}, {"type": "Feature", "properties": {"Name": "PA-340 Girasol por Violeta", "nombre": "PA-340 Girasol por Violeta"}, "geometry": {"type": "Point", "coordinates": [-90.514796, 19.8282239]}}, {"type": "Feature", "properties": {"Name": "PA-439 Residán por Narciso", "nombre": "PA-439 Residán por Narciso"}, "geometry": {"type": "Point", "coordinates": [-90.516901, 19.8293459]}}, {"type": "Feature", "properties": {"Name": "PA-341 Willys jardines", "nombre": "PA-341 Willys jardines"}, "geometry": {"type": "Point", "coordinates": [-90.5176479, 19.8301945]}}, {"type": "Feature", "properties": {"Name": "PA-371: Parque infantil Jardines", "nombre": "PA-371: Parque infantil Jardines"}, "geometry": {"type": "Point", "coordinates": [-90.5163403, 19.8320591]}}, {"type": "Feature", "properties": {"Name": "PA-537 Tanque De Agua Colonia Jardines", "nombre": "PA-537 Tanque De Agua Colonia Jardines"}, "geometry": {"type": "Point", "coordinates": [-90.5159886, 19.833512]}}, {"type": "Feature", "properties": {"Name": "PA-538 Parroquia Del Sagrado Corazón 2", "nombre": "PA-538 Parroquia Del Sagrado Corazón 2"}, "geometry": {"type": "Point", "coordinates": [-90.5193853, 19.8343806]}}, {"type": "Feature", "properties": {"Name": "PA-539 Calle Jalisco Por Av Colosio", "nombre": "PA-539 Calle Jalisco Por Av Colosio"}, "geometry": {"type": "Point", "coordinates": [-90.5217395, 19.8358154]}}, {"type": "Feature", "properties": {"Name": "PA-345 Super Aki Colosio", "nombre": "PA-345 Super Aki Colosio"}, "geometry": {"type": "Point", "coordinates": [-90.526343, 19.8333069]}}, {"type": "Feature", "properties": {"Name": "PA-349 CBTIS", "nombre": "PA-349 CBTIS"}, "geometry": {"type": "Point", "coordinates": [-90.527538, 19.8351719]}}, {"type": "Feature", "properties": {"Name": "PA-352 Cancha Sta Ana", "nombre": "PA-352 Cancha Sta Ana"}, "geometry": {"type": "Point", "coordinates": [-90.527923, 19.8394749]}}, {"type": "Feature", "properties": {"Name": "PA-376 Ecuador por Coahuila", "nombre": "PA-376 Ecuador por Coahuila"}, "geometry": {"type": "Point", "coordinates": [-90.522814, 19.8383369]}}, {"type": "Feature", "properties": {"Name": "PA-361 Campo de los 3 Poderes norte", "nombre": "PA-361 Campo de los 3 Poderes norte"}, "geometry": {"type": "Point", "coordinates": [-90.523354, 19.8350799]}}, {"type": "Feature", "properties": {"Name": "PA-375 Willys Ecuador sur", "nombre": "PA-375 Willys Ecuador sur"}, "geometry": {"type": "Point", "coordinates": [-90.523568, 19.8322869]}}, {"type": "Feature", "properties": {"Name": "PA-385 Cancha de Flor de Limón", "nombre": "PA-385 Cancha de Flor de Limón"}, "geometry": {"type": "Point", "coordinates": [-90.52288, 19.8300659]}}, {"type": "Feature", "properties": {"Name": "PA-362 Paso de las Aguilas por No me olvides 1", "nombre": "PA-362 Paso de las Aguilas por No me olvides 1"}, "geometry": {"type": "Point", "coordinates": [-90.520128, 19.8277099]}}, {"type": "Feature", "properties": {"Name": "PA-343 Paso de las Aguilas por No me olvides 2", "nombre": "PA-343 Paso de las Aguilas por No me olvides 2"}, "geometry": {"type": "Point", "coordinates": [-90.518382, 19.8259129]}}, {"type": "Feature", "properties": {"Name": "PA-363 Girasol por Luz Alba", "nombre": "PA-363 Girasol por Luz Alba"}, "geometry": {"type": "Point", "coordinates": [-90.515186, 19.8250979]}}, {"type": "Feature", "properties": {"Name": "PA-364 Niño Artillero por Margarita sur", "nombre": "PA-364 Niño Artillero por Margarita sur"}, "geometry": {"type": "Point", "coordinates": [-90.516737, 19.8243499]}}, {"type": "Feature", "properties": {"Name": "PA-365 Cancha Ampliación Polvorín sur", "nombre": "PA-365 Cancha Ampliación Polvorín sur"}, "geometry": {"type": "Point", "coordinates": [-90.519082, 19.8246039]}}, {"type": "Feature", "properties": {"Name": "PA-435 Granada", "nombre": "PA-435 Granada"}, "geometry": {"type": "Point", "coordinates": [-90.520823, 19.8249209]}}, {"type": "Feature", "properties": {"Name": "PA-366 Centro de Salud Polvorín sur", "nombre": "PA-366 Centro de Salud Polvorín sur"}, "geometry": {"type": "Point", "coordinates": [-90.521181, 19.8263409]}}, {"type": "Feature", "properties": {"Name": "PA-398 Ecuador por Chablé sur", "nombre": "PA-398 Ecuador por Chablé sur"}, "geometry": {"type": "Point", "coordinates": [-90.5228913, 19.8273074]}}, {"type": "Feature", "properties": {"Name": "PA-399 Mango", "nombre": "PA-399 Mango"}, "geometry": {"type": "Point", "coordinates": [-90.522816, 19.8295069]}}, {"type": "Feature", "properties": {"Name": "PA-384 Willys ecuador norte", "nombre": "PA-384 Willys ecuador norte"}, "geometry": {"type": "Point", "coordinates": [-90.523569, 19.8321779]}}, {"type": "Feature", "properties": {"Name": "PA-348 Campo de los 3 Poderes sur", "nombre": "PA-348 Campo de los 3 Poderes sur"}, "geometry": {"type": "Point", "coordinates": [-90.5233889, 19.8346499]}}, {"type": "Feature", "properties": {"Name": "PA-312 Ecuador", "nombre": "PA-312 Ecuador"}, "geometry": {"type": "Point", "coordinates": [-90.522063, 19.8426329]}}, {"type": "Feature", "properties": {"Name": "PA-433 Ecuador por Chablé norte", "nombre": "PA-433 Ecuador por Chablé norte"}, "geometry": {"type": "Point", "coordinates": [-90.523036, 19.8275019]}}, {"type": "Feature", "properties": {"Name": "PA-367 Centro de salud polvorín norte", "nombre": "PA-367 Centro de salud polvorín norte"}, "geometry": {"type": "Point", "coordinates": [-90.521333, 19.8261089]}}, {"type": "Feature", "properties": {"Name": "PA-386 Conscripto por Niño Artillero", "nombre": "PA-386 Conscripto por Niño Artillero"}, "geometry": {"type": "Point", "coordinates": [-90.520977, 19.8245889]}}, {"type": "Feature", "properties": {"Name": "PA-387 Cancha Ampliación Polvorín norte", "nombre": "PA-387 Cancha Ampliación Polvorín norte"}, "geometry": {"type": "Point", "coordinates": [-90.519017, 19.8245029]}}, {"type": "Feature", "properties": {"Name": "PA-388 Niño Artillero por Margarita norte", "nombre": "PA-388 Niño Artillero por Margarita norte"}, "geometry": {"type": "Point", "coordinates": [-90.517046, 19.8243229]}}, {"type": "Feature", "properties": {"Name": "PA-389 Cancha Techada Margarita", "nombre": "PA-389 Cancha Techada Margarita"}, "geometry": {"type": "Point", "coordinates": [-90.517139, 19.8223529]}}, {"type": "Feature", "properties": {"Name": "PA-390 Bethel por Sinaí", "nombre": "PA-390 Bethel por Sinaí"}, "geometry": {"type": "Point", "coordinates": [-90.514128, 19.8218349]}}, {"type": "Feature", "properties": {"Name": "PA-391 Cancha Techada Sinaí", "nombre": "PA-391 Cancha Techada Sinaí"}, "geometry": {"type": "Point", "coordinates": [-90.5135935, 19.8208907]}}, {"type": "Feature", "properties": {"Name": "PA-392 Tulipán por Galilea", "nombre": "PA-392 Tulipán por Galilea"}, "geometry": {"type": "Point", "coordinates": [-90.515176, 19.8203299]}}, {"type": "Feature", "properties": {"Name": "PA-393 C.A.C. Leovigildo", "nombre": "PA-393 C.A.C. Leovigildo"}, "geometry": {"type": "Point", "coordinates": [-90.518574, 19.8212639]}}, {"type": "Feature", "properties": {"Name": "PA-394 Castamay por Pich", "nombre": "PA-394 Castamay por Pich"}, "geometry": {"type": "Point", "coordinates": [-90.520914, 19.8192999]}}, {"type": "Feature", "properties": {"Name": "PA-395 CEWS Campeche", "nombre": "PA-395 CEWS Campeche"}, "geometry": {"type": "Point", "coordinates": [-90.522721, 19.8201049]}}, {"type": "Feature", "properties": {"Name": "PA-396 Punta Maxtun", "nombre": "PA-396 Punta Maxtun"}, "geometry": {"type": "Point", "coordinates": [-90.522032, 19.8239589]}}, {"type": "Feature", "properties": {"Name": "PA-397 Granada por Acción Nacional", "nombre": "PA-397 Granada por Acción Nacional"}, "geometry": {"type": "Point", "coordinates": [-90.524575, 19.8246859]}}, {"type": "Feature", "properties": {"Name": "PA-95 Coppel Pedro Moreno", "nombre": "PA-95 Coppel Pedro Moreno"}, "geometry": {"type": "Point", "coordinates": [-90.534816, 19.8260609]}}, {"type": "Feature", "properties": {"Name": "PA-83 Hijos de Trabajadores", "nombre": "PA-83 Hijos de Trabajadores"}, "geometry": {"type": "Point", "coordinates": [-90.5349353, 19.8265929]}}, {"type": "Feature", "properties": {"Name": "PA-84 Prol Allende por Vicente Guerrera", "nombre": "PA-84 Prol Allende por Vicente Guerrera"}, "geometry": {"type": "Point", "coordinates": [-90.538656, 19.8270919]}}, {"type": "Feature", "properties": {"Name": "PA-85 Prol Allende por 6 de Mayo", "nombre": "PA-85 Prol Allende por 6 de Mayo"}, "geometry": {"type": "Point", "coordinates": [-90.537978, 19.8237219]}}, {"type": "Feature", "properties": {"Name": "PA-86 Lezmar por Prol Bravo", "nombre": "PA-86 Lezmar por Prol Bravo"}, "geometry": {"type": "Point", "coordinates": [-90.536353, 19.8210189]}}, {"type": "Feature", "properties": {"Name": "PA-87 Guadalupana por Mirador norte", "nombre": "PA-87 Guadalupana por Mirador norte"}, "geometry": {"type": "Point", "coordinates": [-90.535478, 19.8194819]}}, {"type": "Feature", "properties": {"Name": "PA-88 Flamboyanes por Tepeyac", "nombre": "PA-88 Flamboyanes por Tepeyac"}, "geometry": {"type": "Point", "coordinates": [-90.5342094, 19.8184944]}}, {"type": "Feature", "properties": {"Name": "PA-310 Flamboyanes por Mirador", "nombre": "PA-310 Flamboyanes por Mirador"}, "geometry": {"type": "Point", "coordinates": [-90.5353892, 19.8181512]}}, {"type": "Feature", "properties": {"Name": "PA-196 Flambuyanes lopez portillo", "nombre": "PA-196 Flambuyanes lopez portillo"}, "geometry": {"type": "Point", "coordinates": [-90.5376206, 19.8175355]}}, {"type": "Feature", "properties": {"Name": "PA-437 Parrillita Lopez Portillo norte", "nombre": "PA-437 Parrillita Lopez Portillo norte"}, "geometry": {"type": "Point", "coordinates": [-90.539734, 19.8199849]}}, {"type": "Feature", "properties": {"Name": "PA-91 Lopez Portillo con Calle 6", "nombre": "PA-91 Lopez Portillo con Calle 6"}, "geometry": {"type": "Point", "coordinates": [-90.5414779, 19.821855]}}, {"type": "Feature", "properties": {"Name": "PA-92: Calle 6 con Prol. Allende", "nombre": "PA-92: Calle 6 con Prol. Allende"}, "geometry": {"type": "Point", "coordinates": [-90.5375346, 19.8225643]}}, {"type": "Feature", "properties": {"Name": "PA-530 Calle 6 Por Pedro Moreno", "nombre": "PA-530 Calle 6 Por Pedro Moreno"}, "geometry": {"type": "Point", "coordinates": [-90.533931, 19.8233147]}}, {"type": "Feature", "properties": {"Name": "PA-412 Pepsi sur", "nombre": "PA-412 Pepsi sur"}, "geometry": {"type": "Point", "coordinates": [-90.527927, 19.8143639]}}, {"type": "Feature", "properties": {"Name": "PA-413 Hospital especialidades urgencias sur", "nombre": "PA-413 Hospital especialidades urgencias sur"}, "geometry": {"type": "Point", "coordinates": [-90.525501, 19.8142779]}}, {"type": "Feature", "properties": {"Name": "PA-505 Seguridad Pública norte", "nombre": "PA-505 Seguridad Pública norte"}, "geometry": {"type": "Point", "coordinates": [-90.5215783, 19.8141066]}}, {"type": "Feature", "properties": {"Name": "PA-369 Fray Angelico norte", "nombre": "PA-369 Fray Angelico norte"}, "geometry": {"type": "Point", "coordinates": [-90.5187416, 19.81553]}}, {"type": "Feature", "properties": {"Name": "PA-503 Aeropuerto norte", "nombre": "PA-503 Aeropuerto norte"}, "geometry": {"type": "Point", "coordinates": [-90.50781, 19.8139066]}}, {"type": "Feature", "properties": {"Name": "PA-143 Campus VI sur", "nombre": "PA-143 Campus VI sur"}, "geometry": {"type": "Point", "coordinates": [-90.50441, 19.8034866]}}, {"type": "Feature", "properties": {"Name": "PA-289 Periférico sur", "nombre": "PA-289 Periférico sur"}, "geometry": {"type": "Point", "coordinates": [-90.5021416, 19.7916966]}}, {"type": "Feature", "properties": {"Name": "PA-233 Deshuesadero sur", "nombre": "PA-233 Deshuesadero sur"}, "geometry": {"type": "Point", "coordinates": [-90.5001416, 19.7871933]}}, {"type": "Feature", "properties": {"Name": "PA-499 Calle El Tinto norte", "nombre": "PA-499 Calle El Tinto norte"}, "geometry": {"type": "Point", "coordinates": [-90.4986783, 19.78127]}}, {"type": "Feature", "properties": {"Name": "PA-328 Deshuesadero El Yuca norte", "nombre": "PA-328 Deshuesadero El Yuca norte"}, "geometry": {"type": "Point", "coordinates": [-90.4981616, 19.7792666]}}, {"type": "Feature", "properties": {"Name": "PA-496 Cancha de Chiná norte", "nombre": "PA-496 Cancha de Chiná norte"}, "geometry": {"type": "Point", "coordinates": [-90.4973733, 19.7766233]}}, {"type": "Feature", "properties": {"Name": "PA-495 El amigo Pedro", "nombre": "PA-495 El amigo Pedro"}, "geometry": {"type": "Point", "coordinates": [-90.4962918, 19.7735226]}}, {"type": "Feature", "properties": {"Name": "PA-330 Los Traviesos", "nombre": "PA-330 Los Traviesos"}, "geometry": {"type": "Point", "coordinates": [-90.495994, 19.7718627]}}, {"type": "Feature", "properties": {"Name": "PA-493 Kinder Beatriz Ordoñez", "nombre": "PA-493 Kinder Beatriz Ordoñez"}, "geometry": {"type": "Point", "coordinates": [-90.4952786, 19.7697581]}}, {"type": "Feature", "properties": {"Name": "PA-491 Calle 24 por 19", "nombre": "PA-491 Calle 24 por 19"}, "geometry": {"type": "Point", "coordinates": [-90.4956733, 19.7669133]}}, {"type": "Feature", "properties": {"Name": "PA-489 Calle 24 por 23", "nombre": "PA-489 Calle 24 por 23"}, "geometry": {"type": "Point", "coordinates": [-90.496265, 19.7644716]}}, {"type": "Feature", "properties": {"Name": "PA-488 Calle 23 por 22", "nombre": "PA-488 Calle 23 por 22"}, "geometry": {"type": "Point", "coordinates": [-90.4942515, 19.7634119]}}, {"type": "Feature", "properties": {"Name": "PA-486 Capílla Santa Cruz", "nombre": "PA-486 Capílla Santa Cruz"}, "geometry": {"type": "Point", "coordinates": [-90.4903183, 19.7622616]}}, {"type": "Feature", "properties": {"Name": "PA-487 La Cuchilla", "nombre": "PA-487 La Cuchilla"}, "geometry": {"type": "Point", "coordinates": [-90.4923816, 19.7635483]}}, {"type": "Feature", "properties": {"Name": "PA-429 Calle 22 por 19", "nombre": "PA-429 Calle 22 por 19"}, "geometry": {"type": "Point", "coordinates": [-90.4944268, 19.7665554]}}, {"type": "Feature", "properties": {"Name": "PA-492 Parque de Chiná", "nombre": "PA-492 Parque de Chiná"}, "geometry": {"type": "Point", "coordinates": [-90.4949966, 19.7691883]}}, {"type": "Feature", "properties": {"Name": "PA-494 La Carnadita", "nombre": "PA-494 La Carnadita"}, "geometry": {"type": "Point", "coordinates": [-90.4960597, 19.7717051]}}, {"type": "Feature", "properties": {"Name": "PA-329 Calle 22 por 7", "nombre": "PA-329 Calle 22 por 7"}, "geometry": {"type": "Point", "coordinates": [-90.4963316, 19.7741533]}}, {"type": "Feature", "properties": {"Name": "PA-497 Cancha de Chiná sur", "nombre": "PA-497 Cancha de Chiná sur"}, "geometry": {"type": "Point", "coordinates": [-90.4972233, 19.7767533]}}, {"type": "Feature", "properties": {"Name": "PA-498 Deshuesadero El Yuca sur", "nombre": "PA-498 Deshuesadero El Yuca sur"}, "geometry": {"type": "Point", "coordinates": [-90.4980733, 19.7800083]}}, {"type": "Feature", "properties": {"Name": "PA-500 Calle El Tinto sur", "nombre": "PA-500 Calle El Tinto sur"}, "geometry": {"type": "Point", "coordinates": [-90.4985233, 19.7820316]}}, {"type": "Feature", "properties": {"Name": "PA-327 Deshuesadero Edgar sur", "nombre": "PA-327 Deshuesadero Edgar sur"}, "geometry": {"type": "Point", "coordinates": [-90.4999183, 19.7876933]}}, {"type": "Feature", "properties": {"Name": "PA-501 Crucero de Chiná sur", "nombre": "PA-501 Crucero de Chiná sur"}, "geometry": {"type": "Point", "coordinates": [-90.5020583, 19.7920883]}}, {"type": "Feature", "properties": {"Name": "PA-502 Juicios Orales sur", "nombre": "PA-502 Juicios Orales sur"}, "geometry": {"type": "Point", "coordinates": [-90.5041283, 19.8035333]}}, {"type": "Feature", "properties": {"Name": "PA-504 Aeropuerto sur", "nombre": "PA-504 Aeropuerto sur"}, "geometry": {"type": "Point", "coordinates": [-90.5079416, 19.8140583]}}, {"type": "Feature", "properties": {"Name": "PA-368 Fray Angélico sur", "nombre": "PA-368 Fray Angélico sur"}, "geometry": {"type": "Point", "coordinates": [-90.5191516, 19.8154916]}}, {"type": "Feature", "properties": {"Name": "PA-414 Seguridad Pública sur", "nombre": "PA-414 Seguridad Pública sur"}, "geometry": {"type": "Point", "coordinates": [-90.522135, 19.8142916]}}, {"type": "Feature", "properties": {"Name": "PA-508 Hospital Especialidades Urgencias norte", "nombre": "PA-508 Hospital Especialidades Urgencias norte"}, "geometry": {"type": "Point", "coordinates": [-90.5246, 19.8144459]}}, {"type": "Feature", "properties": {"Name": "PA-509 Pepsi Norte", "nombre": "PA-509 Pepsi Norte"}, "geometry": {"type": "Point", "coordinates": [-90.5279277, 19.8145347]}}, {"type": "Feature", "properties": {"Name": "PA-451 Frapisimo Agustin Melgar", "nombre": "PA-451 Frapisimo Agustin Melgar"}, "geometry": {"type": "Point", "coordinates": [-90.553514, 19.8263619]}}, {"type": "Feature", "properties": {"Name": "PA-38 Calle 20 por 9 norte", "nombre": "PA-38 Calle 20 por 9 norte"}, "geometry": {"type": "Point", "coordinates": [-90.553071, 19.8233439]}}, {"type": "Feature", "properties": {"Name": "PA-126 CDC Kanisté sur", "nombre": "PA-126 CDC Kanisté sur"}, "geometry": {"type": "Point", "coordinates": [-90.553797, 19.8207559]}}, {"type": "Feature", "properties": {"Name": "PA-372 Calle 20 por 19 norte", "nombre": "PA-372 Calle 20 por 19 norte"}, "geometry": {"type": "Point", "coordinates": [-90.554451, 19.8189189]}}, {"type": "Feature", "properties": {"Name": "PA-127 Parque Kanisté sur", "nombre": "PA-127 Parque Kanisté sur"}, "geometry": {"type": "Point", "coordinates": [-90.555048, 19.8167239]}}, {"type": "Feature", "properties": {"Name": "PA-128 Calle 23", "nombre": "PA-128 Calle 23"}, "geometry": {"type": "Point", "coordinates": [-90.551821, 19.8153199]}}, {"type": "Feature", "properties": {"Name": "PA-129 Cancha Samulá", "nombre": "PA-129 Cancha Samulá"}, "geometry": {"type": "Point", "coordinates": [-90.548233, 19.8153479]}}, {"type": "Feature", "properties": {"Name": "PA-130 El Tamarindo", "nombre": "PA-130 El Tamarindo"}, "geometry": {"type": "Point", "coordinates": [-90.547221, 19.8140089]}}, {"type": "Feature", "properties": {"Name": "PA-131 El Zapote", "nombre": "PA-131 El Zapote"}, "geometry": {"type": "Point", "coordinates": [-90.545491, 19.8118659]}}, {"type": "Feature", "properties": {"Name": "PA-132 Calle 21 por 2A", "nombre": "PA-132 Calle 21 por 2A"}, "geometry": {"type": "Point", "coordinates": [-90.543949, 19.8135439]}}, {"type": "Feature", "properties": {"Name": "PA-373 Almendra por Pedregal norte", "nombre": "PA-373 Almendra por Pedregal norte"}, "geometry": {"type": "Point", "coordinates": [-90.542313, 19.8135939]}}, {"type": "Feature", "properties": {"Name": "PA-133 Justo Sierra norte", "nombre": "PA-133 Justo Sierra norte"}, "geometry": {"type": "Point", "coordinates": [-90.5388723, 19.8138194]}}, {"type": "Feature", "properties": {"Name": "PA-134 Venustiano Carranza", "nombre": "PA-134 Venustiano Carranza"}, "geometry": {"type": "Point", "coordinates": [-90.540687, 19.8152819]}}, {"type": "Feature", "properties": {"Name": "PA-382 Willys Zaragoza sur", "nombre": "PA-382 Willys Zaragoza sur"}, "geometry": {"type": "Point", "coordinates": [-90.54126, 19.8159949]}}, {"type": "Feature", "properties": {"Name": "PA-135 Morelos", "nombre": "PA-135 Morelos"}, "geometry": {"type": "Point", "coordinates": [-90.540856, 19.8179319]}}, {"type": "Feature", "properties": {"Name": "PA-136 Calle 11 por 2 norte", "nombre": "PA-136 Calle 11 por 2 norte"}, "geometry": {"type": "Point", "coordinates": [-90.543492, 19.8190119]}}, {"type": "Feature", "properties": {"Name": "PA-442 CALLE 8 POR 15 NUEVO", "nombre": "PA-442 CALLE 8 POR 15 NUEVO"}, "geometry": {"type": "Point", "coordinates": [-90.5470808, 19.8184507]}}, {"type": "Feature", "properties": {"Name": "PA-453 Primaria Eulogio Perera", "nombre": "PA-453 Primaria Eulogio Perera"}, "geometry": {"type": "Point", "coordinates": [-90.54873, 19.8167609]}}, {"type": "Feature", "properties": {"Name": "PA-400 NUEVO CALLE 12 POR 15", "nombre": "PA-400 NUEVO CALLE 12 POR 15"}, "geometry": {"type": "Point", "coordinates": [-90.5494618, 19.8188039]}}, {"type": "Feature", "properties": {"Name": "PA-401 Calle 12 por Prol calle 7", "nombre": "PA-401 Calle 12 por Prol calle 7"}, "geometry": {"type": "Point", "coordinates": [-90.5494034, 19.8231726]}}, {"type": "Feature", "properties": {"Name": "PA-141 Calle 12 con Agustín Melgar", "nombre": "PA-141 Calle 12 con Agustín Melgar"}, "geometry": {"type": "Point", "coordinates": [-90.550504, 19.8252089]}}, {"type": "Feature", "properties": {"Name": "PA-142 Supermercado norte", "nombre": "PA-142 Supermercado norte"}, "geometry": {"type": "Point", "coordinates": [-90.552255, 19.8266669]}}, {"type": "Feature", "properties": {"Name": "PA-144 Juan Escutia por Montes de Oca", "nombre": "PA-144 Juan Escutia por Montes de Oca"}, "geometry": {"type": "Point", "coordinates": [-90.5597126, 19.8295362]}}, {"type": "Feature", "properties": {"Name": "PA-145 Costera de Golfo esq. Calle 7", "nombre": "PA-145 Costera de Golfo esq. Calle 7"}, "geometry": {"type": "Point", "coordinates": [-90.564857, 19.8284269]}}, {"type": "Feature", "properties": {"Name": "PA-146 Escénica norte", "nombre": "PA-146 Escénica norte"}, "geometry": {"type": "Point", "coordinates": [-90.567378, 19.8268969]}}, {"type": "Feature", "properties": {"Name": "PA-147 Resurgimiento norte", "nombre": "PA-147 Resurgimiento norte"}, "geometry": {"type": "Point", "coordinates": [-90.570702, 19.8250129]}}, {"type": "Feature", "properties": {"Name": "PA-148 Refaccionaria norte", "nombre": "PA-148 Refaccionaria norte"}, "geometry": {"type": "Point", "coordinates": [-90.575816, 19.8224379]}}, {"type": "Feature", "properties": {"Name": "PA-149 Pemex norte", "nombre": "PA-149 Pemex norte"}, "geometry": {"type": "Point", "coordinates": [-90.586603, 19.8158919]}}, {"type": "Feature", "properties": {"Name": "PA-150 Marina norte", "nombre": "PA-150 Marina norte"}, "geometry": {"type": "Point", "coordinates": [-90.590797, 19.8130259]}}, {"type": "Feature", "properties": {"Name": "PA-151 Muelle Lerma norte", "nombre": "PA-151 Muelle Lerma norte"}, "geometry": {"type": "Point", "coordinates": [-90.593886, 19.8111499]}}, {"type": "Feature", "properties": {"Name": "PA-476 Cocalitos norte", "nombre": "PA-476 Cocalitos norte"}, "geometry": {"type": "Point", "coordinates": [-90.598538, 19.8080969]}}, {"type": "Feature", "properties": {"Name": "PA-474 Domo de Lerma", "nombre": "PA-474 Domo de Lerma"}, "geometry": {"type": "Point", "coordinates": [-90.6013097, 19.8063069]}}, {"type": "Feature", "properties": {"Name": "PA-485 Técnica 8 norte", "nombre": "PA-485 Técnica 8 norte"}, "geometry": {"type": "Point", "coordinates": [-90.603552, 19.8046439]}}, {"type": "Feature", "properties": {"Name": "PA-471 La Libertad norte", "nombre": "PA-471 La Libertad norte"}, "geometry": {"type": "Point", "coordinates": [-90.606378, 19.8026929]}}, {"type": "Feature", "properties": {"Name": "PA-518 Mercado Lerma 2", "nombre": "PA-518 Mercado Lerma 2"}, "geometry": {"type": "Point", "coordinates": [-90.6090391, 19.8011505]}}, {"type": "Feature", "properties": {"Name": "PA-158 Refugio Pesquero 2", "nombre": "PA-158 Refugio Pesquero 2"}, "geometry": {"type": "Point", "coordinates": [-90.6110292, 19.7994638]}}, {"type": "Feature", "properties": {"Name": "PA-468 Caleta 2", "nombre": "PA-468 Caleta 2"}, "geometry": {"type": "Point", "coordinates": [-90.6125282, 19.7976977]}}, {"type": "Feature", "properties": {"Name": "PA-467 TEC Campeche 2", "nombre": "PA-467 TEC Campeche 2"}, "geometry": {"type": "Point", "coordinates": [-90.6171748, 19.794274]}}, {"type": "Feature", "properties": {"Name": "PA-469 TEC Lerma", "nombre": "PA-469 TEC Lerma"}, "geometry": {"type": "Point", "coordinates": [-90.6199354, 19.7912185]}}, {"type": "Feature", "properties": {"Name": "PA-465 VOSSAN", "nombre": "PA-465 VOSSAN"}, "geometry": {"type": "Point", "coordinates": [-90.619589, 19.7899015]}}, {"type": "Feature", "properties": {"Name": "PA-466 Tec de Lerma", "nombre": "PA-466 Tec de Lerma"}, "geometry": {"type": "Point", "coordinates": [-90.619037, 19.7919019]}}, {"type": "Feature", "properties": {"Name": "PA-333 Tec de Campeche", "nombre": "PA-333 Tec de Campeche"}, "geometry": {"type": "Point", "coordinates": [-90.6169381, 19.7941419]}}, {"type": "Feature", "properties": {"Name": "PA-161 La Caleta", "nombre": "PA-161 La Caleta"}, "geometry": {"type": "Point", "coordinates": [-90.611912, 19.7979309]}}, {"type": "Feature", "properties": {"Name": "PA-162 Refugio Pesquero", "nombre": "PA-162 Refugio Pesquero"}, "geometry": {"type": "Point", "coordinates": [-90.610915, 19.7994789]}}, {"type": "Feature", "properties": {"Name": "PA-470 Mercado Lerma", "nombre": "PA-470 Mercado Lerma"}, "geometry": {"type": "Point", "coordinates": [-90.60886, 19.8011069]}}, {"type": "Feature", "properties": {"Name": "PA-377 La Libertad sur", "nombre": "PA-377 La Libertad sur"}, "geometry": {"type": "Point", "coordinates": [-90.606644, 19.8023999]}}, {"type": "Feature", "properties": {"Name": "PA-472 Técnica 8 sur", "nombre": "PA-472 Técnica 8 sur"}, "geometry": {"type": "Point", "coordinates": [-90.60346, 19.8046529]}}, {"type": "Feature", "properties": {"Name": "PA-473 Parque de Lerma", "nombre": "PA-473 Parque de Lerma"}, "geometry": {"type": "Point", "coordinates": [-90.6012372, 19.8062634]}}, {"type": "Feature", "properties": {"Name": "PA-475 Cocalitos sur", "nombre": "PA-475 Cocalitos sur"}, "geometry": {"type": "Point", "coordinates": [-90.5980921, 19.8082929]}}, {"type": "Feature", "properties": {"Name": "PA-477 Oxxo Lerma sur", "nombre": "PA-477 Oxxo Lerma sur"}, "geometry": {"type": "Point", "coordinates": [-90.594005, 19.8109129]}}, {"type": "Feature", "properties": {"Name": "PA-478 Marinos sur", "nombre": "PA-478 Marinos sur"}, "geometry": {"type": "Point", "coordinates": [-90.591212, 19.8126659]}}, {"type": "Feature", "properties": {"Name": "PA-479 Pemex sur", "nombre": "PA-479 Pemex sur"}, "geometry": {"type": "Point", "coordinates": [-90.586451, 19.8158529]}}, {"type": "Feature", "properties": {"Name": "PA-480 Inapesca sur", "nombre": "PA-480 Inapesca sur"}, "geometry": {"type": "Point", "coordinates": [-90.575977, 19.8221779]}}, {"type": "Feature", "properties": {"Name": "PA-481 Monumento Resurgimiento sur", "nombre": "PA-481 Monumento Resurgimiento sur"}, "geometry": {"type": "Point", "coordinates": [-90.570675, 19.8249099]}}, {"type": "Feature", "properties": {"Name": "PA-482 Escénica sur", "nombre": "PA-482 Escénica sur"}, "geometry": {"type": "Point", "coordinates": [-90.567332, 19.8267789]}}, {"type": "Feature", "properties": {"Name": "PA-152 Becán 2", "nombre": "PA-152 Becán 2"}, "geometry": {"type": "Point", "coordinates": [-90.594746, 19.8083169]}}, {"type": "Feature", "properties": {"Name": "PA-153 Campo Marañón", "nombre": "PA-153 Campo Marañón"}, "geometry": {"type": "Point", "coordinates": [-90.59691, 19.8062619]}}, {"type": "Feature", "properties": {"Name": "PA-379 Calle 26 por 19", "nombre": "PA-379 Calle 26 por 19"}, "geometry": {"type": "Point", "coordinates": [-90.597617, 19.8043129]}}, {"type": "Feature", "properties": {"Name": "PA-154 Calle 26 con Espíritu Santo", "nombre": "PA-154 Calle 26 con Espíritu Santo"}, "geometry": {"type": "Point", "coordinates": [-90.599024, 19.8025079]}}, {"type": "Feature", "properties": {"Name": "PA-431 Espíritu Santo por Ciricote", "nombre": "PA-431 Espíritu Santo por Ciricote"}, "geometry": {"type": "Point", "coordinates": [-90.601645, 19.8006069]}}, {"type": "Feature", "properties": {"Name": "PA-155 Deportivo Las Brisas", "nombre": "PA-155 Deportivo Las Brisas"}, "geometry": {"type": "Point", "coordinates": [-90.603816, 19.7992079]}}, {"type": "Feature", "properties": {"Name": "PA-156 Calle 20A por Del Petróleo", "nombre": "PA-156 Calle 20A por Del Petróleo"}, "geometry": {"type": "Point", "coordinates": [-90.603823, 19.7978519]}}, {"type": "Feature", "properties": {"Name": "PA-157 Calle 20A", "nombre": "PA-157 Calle 20A"}, "geometry": {"type": "Point", "coordinates": [-90.604758, 19.7964559]}}, {"type": "Feature", "properties": {"Name": "PA-523 PARQUE DE KILA", "nombre": "PA-523 PARQUE DE KILA"}, "geometry": {"type": "Point", "coordinates": [-90.6064823, 19.7977007]}}, {"type": "Feature", "properties": {"Name": "PA-159 Calle 26 por 24", "nombre": "PA-159 Calle 26 por 24"}, "geometry": {"type": "Point", "coordinates": [-90.6083262, 19.7980991]}}, {"type": "Feature", "properties": {"Name": "PA-160 Calle 26 con 22A Termoeléctrica", "nombre": "PA-160 Calle 26 con 22A Termoeléctrica"}, "geometry": {"type": "Point", "coordinates": [-90.6108954, 19.7964273]}}, {"type": "Feature", "properties": {"Name": "PA-109 Fiscalìa norte", "nombre": "PA-109 Fiscalìa norte"}, "geometry": {"type": "Point", "coordinates": [-90.530616, 19.8147079]}}, {"type": "Feature", "properties": {"Name": "PA-110 Lopez Portillo por Tepeyac", "nombre": "PA-110 Lopez Portillo por Tepeyac"}, "geometry": {"type": "Point", "coordinates": [-90.5331689, 19.8148086]}}, {"type": "Feature", "properties": {"Name": "PA-111 Calle Puente", "nombre": "PA-111 Calle Puente"}, "geometry": {"type": "Point", "coordinates": [-90.536895, 19.8157719]}}, {"type": "Feature", "properties": {"Name": "PA-112 Calle Libertad", "nombre": "PA-112 Calle Libertad"}, "geometry": {"type": "Point", "coordinates": [-90.537766, 19.8144739]}}, {"type": "Feature", "properties": {"Name": "PA-113 Calle Juan de la Barrera", "nombre": "PA-113 Calle Juan de la Barrera"}, "geometry": {"type": "Point", "coordinates": [-90.537876, 19.8123169]}}, {"type": "Feature", "properties": {"Name": "PA-114 Calle 18", "nombre": "PA-114 Calle 18"}, "geometry": {"type": "Point", "coordinates": [-90.537869, 19.8096509]}}, {"type": "Feature", "properties": {"Name": "PA-115 Residencial San Fco", "nombre": "PA-115 Residencial San Fco"}, "geometry": {"type": "Point", "coordinates": [-90.539503, 19.8062169]}}, {"type": "Feature", "properties": {"Name": "PA-116 Calle 22 por 5", "nombre": "PA-116 Calle 22 por 5"}, "geometry": {"type": "Point", "coordinates": [-90.539664, 19.8095409]}}, {"type": "Feature", "properties": {"Name": "PA-117 Calle 5 por 14", "nombre": "PA-117 Calle 5 por 14"}, "geometry": {"type": "Point", "coordinates": [-90.536775, 19.8088049]}}, {"type": "Feature", "properties": {"Name": "PA-118 San Valentín", "nombre": "PA-118 San Valentín"}, "geometry": {"type": "Point", "coordinates": [-90.535644, 19.8117329]}}, {"type": "Feature", "properties": {"Name": "PA-119 Calle Guadalupe Víctoria", "nombre": "PA-119 Calle Guadalupe Víctoria"}, "geometry": {"type": "Point", "coordinates": [-90.534488, 19.8144299]}}, {"type": "Feature", "properties": {"Name": "PA-120 Fiscalia sur", "nombre": "PA-120 Fiscalia sur"}, "geometry": {"type": "Point", "coordinates": [-90.530217, 19.8144829]}}, {"type": "Feature", "properties": {"Name": "PA-456 Agustín Melgar por 12", "nombre": "PA-456 Agustín Melgar por 12"}, "geometry": {"type": "Point", "coordinates": [-90.550703, 19.8252489]}}, {"type": "Feature", "properties": {"Name": "PA-378 Tortillería Guadalupana", "nombre": "PA-378 Tortillería Guadalupana"}, "geometry": {"type": "Point", "coordinates": [-90.549713, 19.8236489]}}, {"type": "Feature", "properties": {"Name": "PA-311 Calle 12 jardín de Niños Eva Samano", "nombre": "PA-311 Calle 12 jardín de Niños Eva Samano"}, "geometry": {"type": "Point", "coordinates": [-90.549025, 19.8222029]}}, {"type": "Feature", "properties": {"Name": "PA-444 Calle 12 por Calle 15", "nombre": "PA-444 Calle 12 por Calle 15"}, "geometry": {"type": "Point", "coordinates": [-90.5493534, 19.8192278]}}, {"type": "Feature", "properties": {"Name": "PA-374 Almendra por Pedregal sur", "nombre": "PA-374 Almendra por Pedregal sur"}, "geometry": {"type": "Point", "coordinates": [-90.541925, 19.8136039]}}, {"type": "Feature", "properties": {"Name": "PA-444 Justo Sierra por Milagro norte", "nombre": "PA-444 Justo Sierra por Milagro norte"}, "geometry": {"type": "Point", "coordinates": [-90.5388868, 19.813833]}}, {"type": "Feature", "properties": {"Name": "PA-446 El Tanque Zaragoza norte", "nombre": "PA-446 El Tanque Zaragoza norte"}, "geometry": {"type": "Point", "coordinates": [-90.540758, 19.8152229]}}, {"type": "Feature", "properties": {"Name": "PA-381 Willys Zaragoza norte", "nombre": "PA-381 Willys Zaragoza norte"}, "geometry": {"type": "Point", "coordinates": [-90.541327, 19.8159259]}}, {"type": "Feature", "properties": {"Name": "PA-449 Benito Juárez por Morelos", "nombre": "PA-449 Benito Juárez por Morelos"}, "geometry": {"type": "Point", "coordinates": [-90.540991, 19.8180279]}}, {"type": "Feature", "properties": {"Name": "PA-454 Calle 11 por 2 norte", "nombre": "PA-454 Calle 11 por 2 norte"}, "geometry": {"type": "Point", "coordinates": [-90.543679, 19.8190299]}}, {"type": "Feature", "properties": {"Name": "PA-447 Calle 14 por 23", "nombre": "PA-447 Calle 14 por 23"}, "geometry": {"type": "Point", "coordinates": [-90.551579, 19.8159269]}}, {"type": "Feature", "properties": {"Name": "PA-448 Parque de Kanisté sur", "nombre": "PA-448 Parque de Kanisté sur"}, "geometry": {"type": "Point", "coordinates": [-90.554969, 19.8167879]}}, {"type": "Feature", "properties": {"Name": "PA-517 Calle 20 por 19 sur", "nombre": "PA-517 Calle 20 por 19 sur"}, "geometry": {"type": "Point", "coordinates": [-90.554436, 19.8186799]}}, {"type": "Feature", "properties": {"Name": "PA-455 CDC Kanisté sur", "nombre": "PA-455 CDC Kanisté sur"}, "geometry": {"type": "Point", "coordinates": [-90.553801, 19.8205559]}}, {"type": "Feature", "properties": {"Name": "PA-450 Calle 20 por 9 sur", "nombre": "PA-450 Calle 20 por 9 sur"}, "geometry": {"type": "Point", "coordinates": [-90.553031, 19.8233469]}}, {"type": "Feature", "properties": {"Name": "PA-101 Oxxo Central norte", "nombre": "PA-101 Oxxo Central norte"}, "geometry": {"type": "Point", "coordinates": [-90.53626, 19.8391569]}}, {"type": "Feature", "properties": {"Name": "PA-102 Supermercado Central Sur", "nombre": "PA-102 Supermercado Central Sur"}, "geometry": {"type": "Point", "coordinates": [-90.535529, 19.8375029]}}, {"type": "Feature", "properties": {"Name": "PA-103 Pescadería Ángel Sur", "nombre": "PA-103 Pescadería Ángel Sur"}, "geometry": {"type": "Point", "coordinates": [-90.534801, 19.8334039]}}, {"type": "Feature", "properties": {"Name": "PA-104 Fracciorama Sur", "nombre": "PA-104 Fracciorama Sur"}, "geometry": {"type": "Point", "coordinates": [-90.534886, 19.8296639]}}, {"type": "Feature", "properties": {"Name": "PA-105 Supermercado Patricio Trueba Sur", "nombre": "PA-105 Supermercado Patricio Trueba Sur"}, "geometry": {"type": "Point", "coordinates": [-90.534562, 19.8261339]}}, {"type": "Feature", "properties": {"Name": "PA-106 Casa de Justicia Sur", "nombre": "PA-106 Casa de Justicia Sur"}, "geometry": {"type": "Point", "coordinates": [-90.533348, 19.8241969]}}, {"type": "Feature", "properties": {"Name": "PA-540 ESTACION TERMINAL DE PRIMERA", "nombre": "PA-540 ESTACION TERMINAL DE PRIMERA"}, "geometry": {"type": "Point", "coordinates": [-90.532085, 19.8236705]}}, {"type": "Feature", "properties": {"Name": "PA-420 Las Flores Norte", "nombre": "PA-420 Las Flores Norte"}, "geometry": {"type": "Point", "coordinates": [-90.529779, 19.8241959]}}, {"type": "Feature", "properties": {"Name": "PA-421 Bugambilias Norte", "nombre": "PA-421 Bugambilias Norte"}, "geometry": {"type": "Point", "coordinates": [-90.527332, 19.8244819]}}, {"type": "Feature", "properties": {"Name": "PA-422 UMA Norte", "nombre": "PA-422 UMA Norte"}, "geometry": {"type": "Point", "coordinates": [-90.526284, 19.8217579]}}, {"type": "Feature", "properties": {"Name": "PA-423 Barquito de Papel Norte", "nombre": "PA-423 Barquito de Papel Norte"}, "geometry": {"type": "Point", "coordinates": [-90.525719, 19.8190109]}}, {"type": "Feature", "properties": {"Name": "PA-424  Especialidades Norte", "nombre": "PA-424  Especialidades Norte"}, "geometry": {"type": "Point", "coordinates": [-90.5239, 19.8156539]}}, {"type": "Feature", "properties": {"Name": "PA-90 Escuela de Turismo", "nombre": "PA-90 Escuela de Turismo"}, "geometry": {"type": "Point", "coordinates": [-90.537562, 19.8173869]}}, {"type": "Feature", "properties": {"Name": "PA-425 Misericordia norte", "nombre": "PA-425 Misericordia norte"}, "geometry": {"type": "Point", "coordinates": [-90.54199, 19.8224309]}}, {"type": "Feature", "properties": {"Name": "PA-426 Walmart electricistas norte", "nombre": "PA-426 Walmart electricistas norte"}, "geometry": {"type": "Point", "coordinates": [-90.545218, 19.8258799]}}, {"type": "Feature", "properties": {"Name": "PA-427 SUPAUAC norte", "nombre": "PA-427 SUPAUAC norte"}, "geometry": {"type": "Point", "coordinates": [-90.547799, 19.8269959]}}, {"type": "Feature", "properties": {"Name": "PA-402 33 Zona Militar", "nombre": "PA-402 33 Zona Militar"}, "geometry": {"type": "Point", "coordinates": [-90.5597282, 19.8288218]}}, {"type": "Feature", "properties": {"Name": "PA-403 Oxxo Kanisté", "nombre": "PA-403 Oxxo Kanisté"}, "geometry": {"type": "Point", "coordinates": [-90.551425, 19.8264529]}}, {"type": "Feature", "properties": {"Name": "PA-404 SUPAUAC sur", "nombre": "PA-404 SUPAUAC sur"}, "geometry": {"type": "Point", "coordinates": [-90.548105, 19.8267559]}}, {"type": "Feature", "properties": {"Name": "PA-405 Walmart electricistas sur", "nombre": "PA-405 Walmart electricistas sur"}, "geometry": {"type": "Point", "coordinates": [-90.544985, 19.8252549]}}, {"type": "Feature", "properties": {"Name": "PA-138 Subestación Samulá sur", "nombre": "PA-138 Subestación Samulá sur"}, "geometry": {"type": "Point", "coordinates": [-90.541982, 19.8221139]}}, {"type": "Feature", "properties": {"Name": "PA-406 Parrillita Lopez Portillo sur", "nombre": "PA-406 Parrillita Lopez Portillo sur"}, "geometry": {"type": "Point", "coordinates": [-90.539937, 19.8199079]}}, {"type": "Feature", "properties": {"Name": "PA-230 IC. Turismo sur", "nombre": "PA-230 IC. Turismo sur"}, "geometry": {"type": "Point", "coordinates": [-90.536976, 19.8162369]}}, {"type": "Feature", "properties": {"Name": "PA-415 Especialidades sur", "nombre": "PA-415 Especialidades sur"}, "geometry": {"type": "Point", "coordinates": [-90.523579, 19.8155489]}}, {"type": "Feature", "properties": {"Name": "PA-416 Barquito de papel sur", "nombre": "PA-416 Barquito de papel sur"}, "geometry": {"type": "Point", "coordinates": [-90.525566, 19.8190669]}}, {"type": "Feature", "properties": {"Name": "PA-417 UMA sur", "nombre": "PA-417 UMA sur"}, "geometry": {"type": "Point", "coordinates": [-90.526089, 19.8217729]}}, {"type": "Feature", "properties": {"Name": "PA-418 Bugambilias sur", "nombre": "PA-418 Bugambilias sur"}, "geometry": {"type": "Point", "coordinates": [-90.526594, 19.8244229]}}, {"type": "Feature", "properties": {"Name": "PA-419 Las Flores sur", "nombre": "PA-419 Las Flores sur"}, "geometry": {"type": "Point", "coordinates": [-90.52935, 19.8245049]}}, {"type": "Feature", "properties": {"Name": "PA-123 Casa de justicia sur", "nombre": "PA-123 Casa de justicia sur"}, "geometry": {"type": "Point", "coordinates": [-90.533581, 19.8247509]}}, {"type": "Feature", "properties": {"Name": "PA-124 Supermercado Patricio Trueba", "nombre": "PA-124 Supermercado Patricio Trueba"}, "geometry": {"type": "Point", "coordinates": [-90.534436, 19.8262539]}}, {"type": "Feature", "properties": {"Name": "PA-125 Fracciorama norte", "nombre": "PA-125 Fracciorama norte"}, "geometry": {"type": "Point", "coordinates": [-90.534736, 19.8294459]}}, {"type": "Feature", "properties": {"Name": "PA-98 Pescadería El Angel", "nombre": "PA-98 Pescadería El Angel"}, "geometry": {"type": "Point", "coordinates": [-90.534716, 19.8339229]}}, {"type": "Feature", "properties": {"Name": "PA-99 Megasoriana sur", "nombre": "PA-99 Megasoriana sur"}, "geometry": {"type": "Point", "coordinates": [-90.535269, 19.8374379]}}, {"type": "Feature", "properties": {"Name": "PA-100 Oxxo Central sur", "nombre": "PA-100 Oxxo Central sur"}, "geometry": {"type": "Point", "coordinates": [-90.536253, 19.8395209]}}, {"type": "Feature", "properties": {"Name": "PA-510 Tere Cazola Patricio Trueba", "nombre": "PA-510 Tere Cazola Patricio Trueba"}, "geometry": {"type": "Point", "coordinates": [-90.531908, 19.8219269]}}, {"type": "Feature", "properties": {"Name": "PA-107 Av.Patricio Trueba con Pedro Moreno", "nombre": "PA-107 Av.Patricio Trueba con Pedro Moreno"}, "geometry": {"type": "Point", "coordinates": [-90.530761, 19.8202019]}}, {"type": "Feature", "properties": {"Name": "PA-108 Fac Medicina Sur", "nombre": "PA-108 Fac Medicina Sur"}, "geometry": {"type": "Point", "coordinates": [-90.529659, 19.8182389]}}, {"type": "Feature", "properties": {"Name": "PA-545 Glorieta Del Infinito Sur", "nombre": "PA-545 Glorieta Del Infinito Sur"}, "geometry": {"type": "Point", "coordinates": [-90.5295918, 19.8150216]}}, {"type": "Feature", "properties": {"Name": "PA-407 Chevrolet norte", "nombre": "PA-407 Chevrolet norte"}, "geometry": {"type": "Point", "coordinates": [-90.529715, 19.8111199]}}, {"type": "Feature", "properties": {"Name": "PA-408 Villa Dalias", "nombre": "PA-408 Villa Dalias"}, "geometry": {"type": "Point", "coordinates": [-90.528845, 19.8070639]}}, {"type": "Feature", "properties": {"Name": "PA-409 SEDUC", "nombre": "PA-409 SEDUC"}, "geometry": {"type": "Point", "coordinates": [-90.527237, 19.8045499]}}, {"type": "Feature", "properties": {"Name": "PA-NUEVO Ciudad Segura", "nombre": "PA-NUEVO Ciudad Segura"}, "geometry": {"type": "Point", "coordinates": [-90.520665, 19.804077]}}, {"type": "Feature", "properties": {"Name": "PA-410 Autos de prestigio", "nombre": "PA-410 Autos de prestigio"}, "geometry": {"type": "Point", "coordinates": [-90.528707, 19.8071719]}}, {"type": "Feature", "properties": {"Name": "PA-411 Chevrolet sur", "nombre": "PA-411 Chevrolet sur"}, "geometry": {"type": "Point", "coordinates": [-90.529533, 19.8111859]}}, {"type": "Feature", "properties": {"Name": "PA-544 INFINITO NORTE", "nombre": "PA-544 INFINITO NORTE"}, "geometry": {"type": "Point", "coordinates": [-90.5292193, 19.815009]}}, {"type": "Feature", "properties": {"Name": "PA-121 Fac de Medicina Norte", "nombre": "PA-121 Fac de Medicina Norte"}, "geometry": {"type": "Point", "coordinates": [-90.529515, 19.8183099]}}, {"type": "Feature", "properties": {"Name": "PA-122 Bancos Patricio Trueba", "nombre": "PA-122 Bancos Patricio Trueba"}, "geometry": {"type": "Point", "coordinates": [-90.531554, 19.8217069]}}, {"type": "Feature", "properties": {"Name": "PA-97 Estancia de Bienestar 100", "nombre": "PA-97 Estancia de Bienestar 100"}, "geometry": {"type": "Point", "coordinates": [-90.534801, 19.8312009]}}]}